Entry ID	Journal Title	Secondary Title	Year	Month	Issue	Section	Author, Original	Author LN, Original	Author FN, Original	Contribution Title	Genre (As indicated in ToC)	Start Page	End Page	Notes	Place	Publisher
1999_01_01	Остров	художественно-публицистический и радикально-феминистский журнал	1999	декабрь	1		Ольга Герт	Герт	Ольга	Радикальный феминизм: что это такое?		6	10	Excerpt in TOC: "Наш журнал называется 'радикально-феминистский', хотя проще было бы его назвать 'лесбийский.' Однако мы пошли более сложным путем."		
1999_01_02	Остров	художественно-публицистический и радикально-феминистский журнал	1999	декабрь	1		Елена Фролова	Фролова	Елена	"Тайна песни..." (интервью)		11	15	Нет ли у Вас каких-то пережитков страха открыто выносить на сцену ее интимную лирику? Нет. Это все о любви... А Кызмин, Чайковский, Зинаида Гиппиус?.. Любовь открывает мир и любовь женщины к женщине, безусловно, тоже. 		
1999_01_03	Остров	художественно-публицистический и радикально-феминистский журнал	1999	декабрь	1		София Парнок	Парнок	София	Лесбос! Песнопенья колыбель...		16	19	"Розы Пиерии"--это своеобразная стилизация под древнюю классическую поэзию, преимущественно под раннюю эолийскую лирику с ее витиеватостью и музыкальной словесностью. 		
1999_01_04	Остров	художественно-публицистический и радикально-феминистский журнал	1999	декабрь	1		С. И. Липкин	Липкин	С. И.	"Такое бывало..." (Воспоминания о Софии Парнок)		20	21	У нее были довольно широкие плечи, очень хорошая улыбка, но глаза грустные, лицо - симпатичное; молчаливая. Я с ней встречался не часто.		
1999_01_05	Остров	художественно-публицистический и радикально-феминистский журнал	1999	декабрь	1		Лиляна Хашимова	Хашимова 	Лиляна	Вполголоса		22	38	Как вот сейчас мы сидим в темноте, так и у меня внутри: тихо, темно, тошно. И всё хочется идти куда-то, далеко-далеко... Ты знаешь, мне иногда кажется, где-то очень далеко меня ждут, а кто ждёт, где, зачем - не знаю. Вот мне и хочется бежать туда, где ждут... знать бы только! - и побежала б. 		
1999_01_06	Остров	художественно-публицистический и радикально-феминистский журнал	1999	декабрь	1		Ольга Герт	Герт	Ольга	Вопрос без ответа (рассказ между делом за чашкой чая)		39	41	Она была царственно игрива и насмешливо трагична. Она была прекрасна во всем - в словах, в жестах, в голосе.		
1999_01_07	Остров	художественно-публицистический и радикально-феминистский журнал	1999	декабрь	1		П. Белопольская	Белопольская	П.	Роль		42	44	.......Боже, да она, по-моему, влюбилась. Неужели бывает любовь с первого взгляда? ....... Наверное....... Заглянем-ка в сценарий.......		
2000_02_01	Остров	художественно-публицистический и радикально-феминистский журнал	2000	март	2					Интервью с Еленой Григорьевной и Натальей Воронцовой-Юрьевой		2	4	Е.Г.: Идея публикации первой книги романа "Снег для Марины" тесно связана с деятельностью Архива лесбиянок и геев. Среди нашего собрания находятся рукописи авторов, никогда ранее не публиковавшиеся. 		
2000_02_02	Остров	художественно-публицистический и радикально-феминистский журнал	2000	март	2		А. Аксёнова	Аксёнова	А.	Ты далеко... (стихи)		5	5			
2000_02_03	Остров	художественно-публицистический и радикально-феминистский журнал	2000	март	2		Дэйвид Туллер	Туллер	Дэйвид	Приключения "сексуального шпиона" на даче (глава из книги)		6	20	Но когда она поняла, что все всерьез и надолго - отношения стали натянутыми. Так продолжалось несколько лет. До того дня, когда мы втроем занялись любовью. Только тогда из наших отношений ушла напряженность. 		
2000_02_04	Остров	художественно-публицистический и радикально-феминистский журнал	2000	март	2		Марина Кулакова	Кулакова	Марина	Не дружба, а любовь... (стихи)		21	24			
2000_02_05	Остров	художественно-публицистический и радикально-феминистский журнал	2000	март	2		Лиляна Хашимова	Хашимова	Лиляна	Вполголоса (окончание повести)		25	37	Они обе поднялись, осторожно и трепетно переплели руки, и, глотнув каждая из чужой рюмки, остались стоять, глядя друг другу в глаза. Веденеева медленно опустила на стол фужер с вином, София поставила рядом свой		
2000_02_06	Остров	художественно-публицистический и радикально-феминистский журнал	2000	март	2		С. Я. Парнок	Парнок	С. Я.	Письма С. Я. Парнок к Н. Е. Веденеевой		38	44			
2000_03_01	Остров	художественно-публицистический и радикально-феминистский журнал	2000	июнь	3		Walrus		Walrus	Валрес: Стихи		2	3			
2000_03_02	Остров	художественно-публицистический и радикально-феминистский журнал	2000	июнь	3					Разве любить женщин - это ужасно? Это - прекрасно! (Интервью с Майей Захаравной)		4	10	Разве любить женщину - это ужасно? По-моему, прекрасно. И кому какое дело до того, кого я люблю? ... Ведь я, будучи ледбиянкой, не навязываю свои предпочтения окружающим! Почему же они считают себя вправе навязывать мне свою волю?		
2000_03_03	Остров	художественно-публицистический и радикально-феминистский журнал	2000	июнь	3		Светлана Берзина	Берзина	Светлана	Как я стал ненормальным		11	23	Когда я стал ненормальным? Теперь трудно сказать. Ненормальность уже в том, что я давно периодически говорю о себе как о "нем", а не как о "ней".		
2000_03_04	Остров	художественно-публицистический и радикально-феминистский журнал	2000	июнь	3		Григорий Чхармишвили	Чхармишвили	Григорий	Однополая любовь (глава из книги "Писатель и самоубийство")		24	28	Примеров косвенной связи гомосексуализма с самоубийством довольно много: У. Бекфорд, В. Князев, И. Игнатьев, Н. Кассиди, Ю. Мисима и т.д. Прямая же причинно-следственная связь чаще наблюдается не у мужчин, а у женщин. 		
2000_03_05	Остров	художественно-публицистический и радикально-феминистский журнал	2000	июнь	3		Полина Алексеева	Алексеева	Полина	Праведная ГАЛБРИС		29	32	Греческая история чрезвычайно насыщена леденгами о мифологизоранной ныне Ипполите, вывшей в своё время отважной, воинственной и дерзкой царицей амазонок. 		
2000_03_06	Остров	художественно-публицистический и радикально-феминистский журнал	2000	июнь	3		Я. Подольская	Подольская	Я.	Плач Мольпадии		33	33			
2000_03_07	Остров	художественно-публицистический и радикально-феминистский журнал	2000	июнь	3		Татьяна  НеЛарина	НеЛарина	Татьяна 	"Связь" как зеркало нерусской революции сексуальных меньшевиков		34	40	Если бы этот фильм был женщиной (и если мне простят такие сюрреалистические фантазии), я бы посвятила ему (ей) всю свою жизнь, а так посвящаю эти скромные заметки.		
2000_03_08	Остров	художественно-публицистический и радикально-феминистский журнал	2000	июнь	3		Ольга Герт	Герт	Ольга	Мой Мисима		41	44	Надо сказать, роман Мисимы до таких рассудений читателя не доводит. Он описывает сомнения подростка. И мне эти сомнения близки и понятны. Потому это - "мой Мисима". Впрочем, не только мой...		
2000_04_01	Остров	художественно-публицистический и радикально-феминистский журнал	2000	сентябрь	4		Валерий Сандлер	Сандлер	Валерий	Очарованные странницы		2	5	При всех различиях в образе и уровне прежней жизни их ощущение мира внутри и вокруг себя оказалось до такой степени настроено на одну и ту же волну, а любые отклонения вправо-влево выглядели столь незначительными, что стало ясно главное: им не жить друг без друга. 		
2000_04_02	Остров	художественно-публицистический и радикально-феминистский журнал	2001	сентябрь	4		Любовь Зиновьева	Зиновьева	Любовь			23	24	ToC features a pictograph of a hand writing with a pen on a scroll. The actual contribution is a set of poems.		
2000_04_03	Остров	художественно-публицистический и радикально-феминистский журнал	2000	сентябрь	4		Наталья Воронцова-Юрьева	Воронцова-Юрьева 	Наталья	Танец		8	26	"Но ведь она тоже любит меня," прошептала она. "Тогда чего тебе не хватает?" "Любви," тихо сказала она.		
2000_04_04	Остров	художественно-публицистический и радикально-феминистский журнал	2000	сентябрь	4		П. Белопольская	Белопольская	П.	Та самая книга, которая... (очерк о романе Н. Воронцовой "Снег для Марины. Книга первая")		29	33	Дочитала книгу до конца, и словно от книофильма не могла отойти. Словно, все еще БЫЛА ТАМ, в чьем-то прошлом, которое почему-то стало и моим. 		
2000_04_05	Остров	художественно-публицистический и радикально-феминистский журнал	2000	сентябрь	4		Ольга Царева	Царева	Ольга	Таки-да		34	37	Обещание себе вечной разлуки с женщиной, которая никогда не скажет мне "да", я выдержала ровно месяц.		
2000_04_06	Остров	художественно-публицистический и радикально-феминистский журнал	2000	сентябрь	4		Юлия Курова	Курова	Юлия	Лесбиянки - нас не может не быть / Лесбиянки - плохие девчонки		38	41	Круче любви двух радикальных лесбиянок ничего не может быть		
2000_04_07	Остров	художественно-публицистический и радикально-феминистский журнал	2000	сентябрь	4		Татьяна  НеЛарина	НеЛарина	Татьяна 	Восемь тысяч		42	44	Ловлю губами на ее шее тонкий пульс, который начинает стучать ещё быстрее. Слышу беззвучное: "Смелее"...		
2000_05_01	Остров	художественно-публицистический и радикально-феминистский журнал	2000	декабрь	5		Елена Новожилова	Новожилова	Елена	Эпистолы		2	4			
2000_05_02	Остров	художественно-публицистический и радикально-феминистский журнал	2000	декабрь	5		Ольга Клюкина	Клюкина	Ольга	"Сапфо", роман для тех, кто любит женщин и древние сказки (интервью с автором)		5	9	Мне с самого начала хотелось написать что-то вроде сказки (легенды, собственного мида) о дерзости и природной, стихийной силе, которая таится в каждой женщине. Сапфо оказалась первой, кто смогла эту силу выразить словах. 		
2000_05_03	Остров	художественно-публицистический и радикально-феминистский журнал	2000	декабрь	5		Ольга Клюкина	Клюкина	Ольга	Сапфо (глава из романа "Сапфо или Песни розового берега")		10	26	Сапфо крепко зажмурилась, надеясь хотя бы сейчас отчетливо увидеть перед собой лицо Анактории, но снова не смогла его вспомнить во всех драгоценных подробностях. Какой она была, Анактория? Красивой? Да, кажется...		
2000_05_04	Остров	художественно-публицистический и радикально-феминистский журнал	2000	декабрь	5		Любовь Зиновьева	Зиновьева	Любовь			27	28	[Correspondence]		
2000_05_05	Остров	художественно-публицистический и радикально-феминистский журнал	2000	декабрь	5		Марина Немирова	Немирова	Марина	НЕТА		29	39	Я знаю, ты могла тогда забыть про всё, ты могла, как сама и говорила, кричать в полный голос на площадях, пустых или полных, указывая на меня: смотрите, вот существо достойное любви и верности. 		
2000_05_06	Остров	художественно-публицистический и радикально-феминистский журнал	2000	декабрь	5					Вы нам писали...		40	41			
2000_05_07	Остров	художественно-публицистический и радикально-феминистский журнал	2000	декабрь	5					Жили-были		42	44	Мы молимся одному богу - непривыканию, и наш единобожие питается прошлым опытом совместного проживания с другими возлюбленными: с утра до вечера - разборки, с вечера до утра - примирения, и обязательные еженедельные - на полном серьезе - расставания "навсегда".		
2001_06_01	Остров	художественно-публицистический и радикально-феминистский журнал	2001	март	6		Татьяна НеЛарина	НеЛарина	Татьяна	Острый женский взгляд		2	3	... еще никогда в новейшей истории не было такого количества ярких, блестящих, уникальных женщин...		
2001_06_02	Остров	художественно-публицистический и радикально-феминистский журнал	2001	март	6		Heike М.	М.	Heike	Если говорить о разлицях... (интервью)		4	9	Кстати, если говорить о различиях в положении лебиянок в России и в Германии то... у нас просто не принято шутить на гомосексуальные темы.		
2001_06_03	Остров	художественно-публицистический и радикально-феминистский журнал	2001	март	6					Разноправие для... (из сборника "Равноправие для лесбиянок и геев")		10	24	Лесбигеевское движение всегда считало себя частью общей борьбы за равноправие человека, ворьбы с предрассудками и дискриминацией, против подавления меньшинств... 		
2001_06_04	Остров	художественно-публицистический и радикально-феминистский журнал	2001	март	6		Ольга Царева	Царева	Ольга	Голубая комиссия		25	32	Итаки, они понимали, что она здесь - из-за девочек, а она понимала, что они здесь - из-за мальчиков. Молодые симпатичные абитуриенты, новые каждый день, волнующиеся...		
2001_06_05	Остров	художественно-публицистический и радикально-феминистский журнал	2001	март	6		Ныня (?) Увильнувшая (?)	Увильнувшая (?)	Ныня (?)	Моей Мадонне (поэма)		33	35			
2001_06_06	Остров	художественно-публицистический и радикально-феминистский журнал	2001	март	6		Лиляна Хашимова	Хашимова	Лиляна	А мир проходит... (этюд)		36	41	Я вспоминала Вас с такой безудержной отдачей и нежностью, что... родилось безнадежности, возможность жить, существовать, смиряться и находить в этом радость.		
2001_06_07	Остров	художественно-публицистический и радикально-феминистский журнал	2001	март	6		Лана Земная	Земная	Лана	Посмотри на мир глазами... лесбиянки		42	43	И ещё знаю, как ищешь (и всю жизнь будешь искать) тот роковой, притягивающий, дразнящий и разрешающий взгляд...		
2001_06_08	Остров	художественно-публицистический и радикально-феминистский журнал	2001	март	6					Вы нам писали...		44	44			
2001_07_01	Остров	художественно-публицистический и радикально-феминистский журнал	2001	июнь	7					Интервью с Карлой						
2001_07_02	Остров	художественно-публицистический и радикально-феминистский журнал	2001	июнь	7					Осуществленная мечта		2	7	Я хотела наш общий дом, дом, который бы мы вместе ремонтировали. С кошками и с детьми. 		
2001_07_03	Остров	художественно-публицистический и радикально-феминистский журнал	2001	июнь	7		Селена		Селена	Бабий век мы так и не прожили		8	9			
2001_07_04	Остров	художественно-публицистический и радикально-феминистский журнал	2001	июнь	7		Марина Немирова	Немирова	Марина	Ирис		10	19	Конечно, такого не может быть, но она не останавливается и я кончаю, рискуя сделать ей больно или напугать своими невнятными бормотаниями и слезами. 		
2001_07_05	Остров	художественно-публицистический и радикально-феминистский журнал	2001	июнь	7		Лана Земная	Земная	Лана	Руки Марины		20	22	Мне нравились миндалевидные глаза с небольшими острыми ресницами и небрежная чёлка темных ... волос.		
2001_07_06	Остров	художественно-публицистический и радикально-феминистский журнал	2001	июнь	7		Любовь Зиновьева	Зиновьева	Любовь			23	24	ToC features a pictograph of a hand writing with a pen on a scroll. The actual contribution is a set of poems.		
2001_07_07	Остров	художественно-публицистический и радикально-феминистский журнал	2001	июнь	7		Юлия Курова	Курова	Юлия	Они и мы (зарисовки с натуры)		25	30	В людях действительно сложно и интересно смешаны мужское и женское начало.		
2001_07_08	Остров	художественно-публицистический и радикально-феминистский журнал	2001	июнь	7		Лилит		Лилит	Встреча с...		31	31	Я хотела причинить ей боль, увидеть ее ревность. Но телефон по-прежнему молчал.		
2001_07_09	Остров	художественно-публицистический и радикально-феминистский журнал	2001	июнь	7					Вы нам писали...		32	33			
2001_07_10	Остров	художественно-публицистический и радикально-феминистский журнал	2001	июнь	7		Ольга Царева	Царева	Ольга	Жудожник		34	41	Так и живем, вшестером. Ну, конечно, насчет девок, чтоб в дом водить, долго ругались. Кто - за, кто - против. Одна говорит, чтоб дела свои, где хотим, там и делали чтоб, а домой не водили.		
2001_07_11	Остров	художественно-публицистический и радикально-феминистский журнал	2001	июнь	7		Юлия Курова	Курова	Юлия	Война полов		42	43			
2001_08_01	Остров	художественно-публицистический и радикально-феминистский журнал	2001	сентябрь	8					Памяти Майи Захаровны		2	5	Относиться к ней можно было как угодно - сама она, кажется, ни на кого не держала и не слишком-то дорожила мнением общества на свой счет; она умела смущат; окружающих поступками, на которые может осмелиться разве что бесшабашная девчонка. 		
2001_08_02	Остров	художественно-публицистический и радикально-феминистский журнал	2001	сентябрь	8		Елена Новожилова	Новожилова	Елена			6	8	ToC features a pictograph of a feather pen in an inkwell, in front of a scroll. Actual contribution is a set of poems		
2001_08_03	Остров	художественно-публицистический и радикально-феминистский журнал	2001	сентябрь	8		Ольга Герт	Герт	Ольга	Наука любви		9	25	<3 Я любила тебя, когда ты вниматеьно смотрела на ворону, опустившуюся на надгробную плиту на кладбище, где была могила Парнок и где мы нередко бывали, любила, когда ты, подражая голосам тех, с кем ты только что разговаривала по телефону, разыгрывала весь ваш диалог. 		
2001_08_04	Остров	художественно-публицистический и радикально-феминистский журнал	2001	сентябрь	8		Лана Земная	Земная	Лана			26	26	ToC features a pictograph of a feather pen in an inkwell, in front of a scroll. Actual contribution is a set of poems		
2001_08_05	Остров	художественно-публицистический и радикально-феминистский журнал	2001	сентябрь	8		Любовь Зиновьева	Зиновьева	Любовь	Лебединая песня или прыжок черной пантеры (симфония любви)		27	41	Она была безумно богата, она была очаровательно черна и восхитительно красива. Темперамент её лакеев подказал ей ещё в отрочестве мысль о бесцветности совокупления, богатые соседи - о продажности оного, цвет кожи - об отвратительности выбора. А звали её совсем просто - Рама, Рама Шереметьефф. Словом, наша Рама пресытилась всякой, грубо говоря, плотью и её на особую романтику потянуло, любви чуткой, душевной захотелось. 		
2001_08_06	Остров	художественно-публицистический и радикально-феминистский журнал	2001	сентябрь	8		Юлия Курова	Курова	Юлия	Тема: "О мерзких девушках"		42	44	Дальше были более светлые и лёгкие влюблённости в сотрудниц (у нас там был настоящий цветник). Одна из этих влюбленностей протекала очень красиво, с разного рода нежностями, цветами, взрывами эмоций, танго на главной улице города, сидением на коленях друг у друга и прочее... 		
2001_09_01	Остров	художественно-публицистический и радикально-феминистский журнал	2001	декабрь	9		Татьяна Васильева	Васильева	Татьяна			2	3	ToC features a pictograph of a feather pen in an inkwell, in front of a scroll.		
2001_09_02	Остров	художественно-публицистический и радикально-феминистский журнал	2001	декабрь	9		Анна Давыдова	Давыдова	Анна	Бесшумные волны		4	14	Его руки, как волны теплого моря, ласкают меня. / Его поцелуи оставляют следы ожогов на моем теле. / Любовь - рай и ад на земле.		
2001_09_03	Остров	художественно-публицистический и радикально-феминистский журнал	2001	декабрь	9		Эльвира		Эльвира			15	16	ToC features a pictograph of a feather pen in an inkwell, in front of a scroll.		
2001_09_04	Остров	художественно-публицистический и радикально-феминистский журнал	2001	декабрь	9		Любовь Зиновьева	Зиновьева	Любовь	Лебединая песня или прыжок черной пантеры (симфония любви)		17	25	Вдруг совсем рядом я услышала светлый смех, лёгкая рука легла на моё плечо и нежный поцелуй коснулся моей щеки. Я подняла глаза. Это была Рама. Она смеялась. 		
2001_09_05	Остров	художественно-публицистический и радикально-феминистский журнал	2001	декабрь	9		Наталья Воронцова-Юрьева	Воронцова-Юрьева	Наталья	Гей-бар. Ночное время дня		26	27	ToC features a pictograph of a feather pen in an inkwell, in front of a scroll.		
2001_09_06	Остров	художественно-публицистический и радикально-феминистский журнал	2001	декабрь	9		Лиляна Хашимова	Хашимова	Лиляна	Тетрадка без обложки		28	38	Она сказала шутливо, что вот, мол, нашлась ценительница истинной красоты, и вдруг в мгновение ока соскользнула с дивана, опустилась на колени, обняла мне бедра, положила на мои колени голову. 		
2001_09_07	Остров	художественно-публицистический и радикально-феминистский журнал	2001	декабрь	9		Лана Земная	Земная	Лана	Отчуждение		39	40	Почему так получилось? В какой-то момент самые близкие подруги превратились в обычных дочь и мать. Откровенность сменилась настороженностью, доверчивость - грубостью, оживленные разговоры - напряженным молчанием и взаимными упреками		
2001_09_08	Остров	художественно-публицистический и радикально-феминистский журнал	2001	декабрь	9					Тигерины московские записки		41	44	Ни зная одного имени в зале, делилась своим сумасшедшим седцем. Стук - стук - кровь отхлынула, заглянула во все глаза, каждую обнимая.		
2002_10_01	Остров	художественно-публицистический и радикально-феминистский журнал	2002	март	10		Ольга Ганеева	Ганеева	Ольга			2	4			
2002_10_02	Остров	художественно-публицистический и радикально-феминистский журнал	2002	март	10					Интервью с Катрин: Под лозунгом "Ночь принадлежит нам!"		5	7			
2002_10_03	Остров	художественно-публицистический и радикально-феминистский журнал	2002	март	10		Анна Давыдова	Давыдова	Анна	Film Study		8	11			
2002_10_04	Остров	художественно-публицистический и радикально-феминистский журнал	2002	март	10		Туве Янссон	Янссон	Туве	Великое путешествие		12	21			
2002_10_05	Остров	художественно-публицистический и радикально-феминистский журнал	2002	март	10					SKVОрчиные трели (детские песенки)		22	22			
2002_10_06	Остров	художественно-публицистический и радикально-феминистский журнал	2002	март	10		Фрэн Уолт	Уолт	Фрэн	Злоупотребления во взаимоотношениях партнеров		23	31			
2002_10_07	Остров	художественно-публицистический и радикально-феминистский журнал	2002	март	10					Тигера		32	34			
2002_10_08	Остров	художественно-публицистический и радикально-феминистский журнал	2002	март	10		Маргарита Шарапова	Шарапова	Маргарита	Предительство		35	38			
2002_10_09	Остров	художественно-публицистический и радикально-феминистский журнал	2002	март	10					Вы нам писали		39	42			
2002_10_10	Остров	художественно-публицистический и радикально-феминистский журнал	2002	март	10					Местные новости		43	44			
2002_11_01	Остров	художественно-публицистический и радикально-феминистский журнал	2002	июнь	11		Селена		Селена			2	4	ToC features a pictograph of a feather pen in an inkwell, in front of a scroll.		
2002_11_02	Остров	художественно-публицистический и радикально-феминистский журнал	2002	июнь	11					Рассказ незнакомки		5	11			
2002_11_03	Остров	художественно-публицистический и радикально-феминистский журнал	2002	июнь	11		Фаина Гримберг	Гримберг	Фаина	Сафия		12	14	ToC features a pictograph of a feather pen in an inkwell, in front of a scroll.		
2002_11_04	Остров	художественно-публицистический и радикально-феминистский журнал	2002	июнь	11		Лиляна Хашимова	Хашимова	Лиляна	"Монастырь муз"		15	26	К истории творческих и личных взаимоотнощений Г. Н. Кузнецовой, И. А. Бунина, В. Н. Муромцевой-Буниной, М. А. Степун.		
2002_11_05	Остров	художественно-публицистический и радикально-феминистский журнал	2002	июнь	11		Ладо		Ладо			27	29	ToC features a pictograph of a feather pen in an inkwell, in front of a scroll.		
2002_11_06	Остров	художественно-публицистический и радикально-феминистский журнал	2002	июнь	11		Светлана Данькевич	Данькевич	Светлана			30	31			
2002_11_07	Остров	художественно-публицистический и радикально-феминистский журнал	2002	июнь	11					Советское кино		32	35			
2002_11_08	Остров	художественно-публицистический и радикально-феминистский журнал	2002	июнь	11					Шифровильщицы		36	38			
2002_11_09	Остров	художественно-публицистический и радикально-феминистский журнал	2002	июнь	11		И. С.  Куприянова	Куприянова 	И. С. 	Однополые семьи в современном обществе: проблемы нормализации		39	42			
2002_11_10	Остров	художественно-публицистический и радикально-феминистский журнал	2002	июнь	11		Виктория		Виктория			43	43	ToC features a pictograph of a hand holding a pen, in front of a scroll.		
20XX_12_01	Остров	художественно-публицистический и радикально-феминистский журнал	?	?	12											
20XX_13_01	Остров	художественно-публицистический и радикально-феминистский журнал	?	?	13											
20XX_14_01	Остров	художественно-публицистический и радикально-феминистский журнал	?	?	14											
20XX_15_01	Остров	художественно-публицистический и радикально-феминистский журнал	?	?	15											
20XX_16_01	Остров	художественно-публицистический и радикально-феминистский журнал	?	?	16											
20XX_17_01	Остров	художественно-публицистический и радикально-феминистский журнал	?	?	17											
20XX_18_01	Остров	художественно-публицистический и радикально-феминистский журнал	?	?	18											
20XX_19_01	Остров	художественно-публицистический и радикально-феминистский журнал	?	?	19											
20XX_20_01	Остров	художественно-публицистический и радикально-феминистский журнал	?	?	20											
20XX_21_01	Остров	художественно-публицистический и радикально-феминистский журнал	?	?	21											
20XX_22_01	Остров	художественно-публицистический и радикально-феминистский журнал	?	?	22											
20XX_23_01	Остров	художественно-публицистический и радикально-феминистский журнал	?	?	23											
20XX_24_01	Остров	художественно-публицистический и радикально-феминистский журнал	?	?	24											
20XX_25_01	Остров	художественно-публицистический и радикально-феминистский журнал	?	?	25											
20XX_26_01	Остров	художественно-публицистический и радикально-феминистский журнал	?	?	26											
20XX_27_01	Остров	художественно-публицистический и радикально-феминистский журнал	?	?	27											
20XX_28_01	Остров	художественно-публицистический и радикально-феминистский журнал	?	?	28											
20XX_29_01	Остров	художественно-публицистический и радикально-феминистский журнал	?	?	29											
20XX_30_01	Остров	художественно-публицистический и радикально-феминистский журнал	?	?	30											
20XX_31_01	Остров	художественно-публицистический и радикально-феминистский журнал	?	?	31											
20XX_32_01	Остров	художественно-публицистический и радикально-феминистский журнал	?	?	32											
2007_33_01	Остров	художественно-публицистический и радикально-феминистский журнал	2007	декабрь	33		Яна Жан	Жан	Яна	Холодный понедельник (рассказ)	рассказ 	2	4			
2007_33_02	Остров	художественно-публицистический и радикально-феминистский журнал	2007	декабрь	33		Снежана Ра	Ра	Снежана	Стихи		5	6			
2007_33_03	Остров	художественно-публицистический и радикально-феминистский журнал	2007	декабрь	33		Фаина Гримберг	Гримберг	Фаина	Русская голубая (рассказ)	рассказ	7	13			
2007_33_04	Остров	художественно-публицистический и радикально-феминистский журнал	2007	декабрь	33		DaisyCorin		DaisyCorin	Стихи		14	15			
2007_33_05	Остров	художественно-публицистический и радикально-феминистский журнал	2007	декабрь	33		Виктор Письменный	Письменный	Виктор	Марина Цветаева и Соня Голлидэй: загадка и версии (интерпретация)	интерпретация	16	24			
2007_33_06	Остров	художественно-публицистический и радикально-феминистский журнал	2007	декабрь	33		Марина Цветаева	Цветаева	Марина	Стихи		25				
2007_33_07	Остров	художественно-публицистический и радикально-феминистский журнал	2007	декабрь	33		Ольга Царёва	Царёва	Ольга	Танец с кирпичами (рассказ)	рассказ	26	28			
2007_33_08	Остров	художественно-публицистический и радикально-феминистский журнал	2007	декабрь	33		Роза Неврозова	Неврозова	Роза	Иронические четверостишия (и не только...)		29	30			
2007_33_09	Остров	художественно-публицистический и радикально-феминистский журнал	2007	декабрь	33		DaisyCorin		DaisyCorin	Голубая (рассказ)	рассказ	31	32			
2007_33_10	Остров	художественно-публицистический и радикально-феминистский журнал	2007	декабрь	33		Ольга Герт	Герт	Ольга	О распределении гендерных ролей в лесбийских парах (исследование)	исследование	33	38			
2007_33_11	Остров	художественно-публицистический и радикально-феминистский журнал	2007	декабрь	33		Соня Франета	Франета	Соня	Глобализация и права ЛГБТ (доклад)	доклад	39	42			
2007_33_12	Остров	художественно-публицистический и радикально-феминистский журнал	2007	декабрь	33		Дмитрий Эванцев	Эванцев	Дмитрий	Лесбийский авангард Снежаны Ра		43	44			
2008_34_01	Остров	художественно-публицистический и радикально-феминистский журнал	2008	март	34		Марина Лебедева	Лебедева	Марина	Стихи		2	3			
2008_34_02	Остров	художественно-публицистический и радикально-феминистский журнал	2008	март	34		Ольга Герт	Герт	Ольга	Песня акына about USA (заметки по возвращении)	заметки по возвращении	4	13			
2008_34_03	Остров	художественно-публицистический и радикально-феминистский журнал	2008	март	34		Лия Киргетова	Киргетова	Лия	Стихи		14	16			
2008_34_04	Остров	художественно-публицистический и радикально-феминистский журнал	2008	март	34		Оксана Вороха	Вороха	Оксана	Любовь.ru (рассказ)	рассказ	17	25			
2008_34_05	Остров	художественно-публицистический и радикально-феминистский журнал	2008	март	34		Юлия Велова	Велова	Юлия	Стихи		26	27			
2008_34_06	Остров	художественно-публицистический и радикально-феминистский журнал	2008	март	34		Светлана Симонова	Симонова	Светлана	Взъерошенный дайк (рассказ)	рассказ	28	32			
2008_34_07	Остров	художественно-публицистический и радикально-феминистский журнал	2008	март	34		Эйна Эста	Эста	Эйна	Стихи		33	35			
2008_34_08	Остров	художественно-публицистический и радикально-феминистский журнал	2008	март	34		Чиба Михару	Михару	Чиба	Рассказ про встречу с бучом		36	37			
2008_34_09	Остров	художественно-публицистический и радикально-феминистский журнал	2008	март	34		Роза Неврозова	Неврозова	Роза	Стихи (и не только...)		38	39			
2008_34_10	Остров	художественно-публицистический и радикально-феминистский журнал	2008	март	34		Яна Жан	Жан	Яна	Космос на запасном пути (рассказ)	рассказ	40	42			
2008_34_11	Остров	художественно-публицистический и радикально-феминистский журнал	2008	март	34		Оксана Олексик	Олексик	Оксана	Стихи		43	44			
2008_34_12	Остров	художественно-публицистический и радикально-феминистский журнал	2008	март	34		Фаина Гримберг	Гримберг	Фаина	Из моих записей, которые называются: "...ХОЛОДНЫХ И ГОРЕСТНЫХ..."		45	48			
2008_35_01	Остров	художественно-публицистический и радикально-феминистский журнал	2008	июнь	35					Квартирники у "Алёны" (приглашение в Санкт-Петербург)		2	3			
2008_35_02	Остров	художественно-публицистический и радикально-феминистский журнал	2008	июнь	35		Елена Новожилова	Новожилова	Елена	Аллея бесславня (цикл стихов)	цикл стихов	4	6			
2008_35_03	Остров	художественно-публицистический и радикально-феминистский журнал	2008	июнь	35		Яна Жан	Жан	Яна	Любовные отношения (рассказ)	рассказ	7	12			
2008_35_04	Остров	художественно-публицистический и радикально-феминистский журнал	2008	июнь	35		Валентина Седых	Седых	Валентина	Стихи		13	14			
2008_35_05	Остров	художественно-публицистический и радикально-феминистский журнал	2008	июнь	35					Частное письмо (в поддержку)		15	15			
2008_35_06	Остров	художественно-публицистический и радикально-феминистский журнал	2008	июнь	35		Любовь Баукина	Баукина	Любовь	Субъективные заметки о вере (размышления)	размышления	16	18			
2008_35_07	Остров	художественно-публицистический и радикально-феминистский журнал	2008	июнь	35					Памяти Скворца		19	19			
2008_35_08	Остров	художественно-публицистический и радикально-феминистский журнал	2008	июнь	35		Марина Мо	Мо	Марина	Эдельвейс (рассказ)	рассказ	20	26			
2008_35_09	Остров	художественно-публицистический и радикально-феминистский журнал	2008	июнь	35		Анна Кузнецова	Кузнецова	Анна	Память душ (миниатюра	миниатюра	27	27			
2008_35_10	Остров	художественно-публицистический и радикально-феминистский журнал	2008	июнь	35		Ольга Герт	Герт	Ольга	Живописная тема (картинки с выставки)	картинки с выставки	28	35			
2008_35_11	Остров	художественно-публицистический и радикально-феминистский журнал	2008	июнь	35		Ольга Хорошилова	Хорошилова	Ольга	Хабиби - сафистика любви (критика)	критика	36	38			
2008_35_12	Остров	художественно-публицистический и радикально-феминистский журнал	2008	июнь	35		Лукреция Лерро	Лерро	Лукреция	Стихи		39	39			
2008_35_13	Остров	художественно-публицистический и радикально-феминистский журнал	2008	июнь	35		Элиза Бъяджини	Бъяджини	Элиза							
2008_35_14	Остров	художественно-публицистический и радикально-феминистский журнал	2008	июнь	35		Роза Неврозова	Неврозова	Роза	Семиотика ледби-движения (часть I)		40	41			
2008_35_15	Остров	художественно-публицистический и радикально-феминистский журнал	2008	июнь	35		Инна Вернер	Вернер	Инна	Сострадание до слез (размышления)	размышления	42	44			
2008_36_01	Остров	художественно-публицистический и радикально-феминистский журнал	2008	сентябрь	36		Ольга Герт	Герт	Ольга	Песня акына about USA (окончание)		2	8			
2008_36_02	Остров	художественно-публицистический и радикально-феминистский журнал	2008	сентябрь	36		Вера Будённая	Будённая	Вера	Стихи		9	10			
2008_36_03	Остров	художественно-публицистический и радикально-феминистский журнал	2008	сентябрь	36		Урсула Ле Гуин	Ле Гуин	Урсула	Во время засухи (рассказ)	рассказ	11	14			
2008_36_04	Остров	художественно-публицистический и радикально-феминистский журнал	2008	сентябрь	36		Влада Волновская	Волновская	Влада	Стихи и миниатюра		15	16			
2008_36_05	Остров	художественно-публицистический и радикально-феминистский журнал	2008	сентябрь	36		Марина Мо	Мо	Марина	Слушая Шопена (миниатюра)	миниатюра	17	18			
2008_36_06	Остров	художественно-публицистический и радикально-феминистский журнал	2008	сентябрь	36		Марина Цветаева	Цветаева	Марина	Из "ПОЭМЫ ВОЗДУХА"		18	18			
2008_36_07	Остров	художественно-публицистический и радикально-феминистский журнал	2008	сентябрь	36		Виктор Письменный	Письменный	Виктор	Марина Цветаева и Вера Аренская не предсказанная встреча (гипотеза)	гипотеза	19	22			
2008_36_08	Остров	художественно-публицистический и радикально-феминистский журнал	2008	сентябрь	36		Любовь Баукина	Баукина	Любовь	Киммерийские впечатление  (записки)	записки	23	26			
2008_36_09	Остров	художественно-публицистический и радикально-феминистский журнал	2008	сентябрь	36		Оксана Олексик	Олексик	Оксана	Стихи		28	29			
2008_36_10	Остров	художественно-публицистический и радикально-феминистский журнал	2008	сентябрь	36		Роза Неврозова	Неврозова	Роза	Гендер, семиотика и метафизика пола (II часть размышлений)		28	29			
2008_36_11	Остров	художественно-публицистический и радикально-феминистский журнал	2008	сентябрь	36		Франческа Стелла	Стелла	Франческа	Гомофобия начинается дома (статья)	статья	30	40			
2008_36_12	Остров	художественно-публицистический и радикально-феминистский журнал	2008	сентябрь	36		Ральф Раутон	Раутон	Ральф	Современный психоанализ и гомосексуальность (статья)	статья	41	44			
2008_37_01	Остров	художественно-публицистический и радикально-феминистский журнал	2008	декабрь	37		Ольга Герт	Герт	Ольга	Слово редактора (один раз в три года)		2	2			
2008_37_02	Остров	художественно-публицистический и радикально-феминистский журнал	2008	декабрь	37		Полина Савченко	Савченко	Полина	Размышления активиста (или письмо к вам)		3	6			
2008_37_03	Остров	художественно-публицистический и радикально-феминистский журнал	2008	декабрь	37		Вера Будённая	Будённая	Вера	Стихи		7	8			
2008_37_04	Остров	художественно-публицистический и радикально-феминистский журнал	2008	декабрь	37		Ирина Александрова	Александрова	Ирина	А между мужчиной и женщиной есть разница?.. (рассказ)	рассказ	9	13	Pseudonym Снег и Туман		
2008_37_05	Остров	художественно-публицистический и радикально-феминистский журнал	2008	декабрь	37					Курьезы перевода		14	14			
2008_37_06	Остров	художественно-публицистический и радикально-феминистский журнал	2008	декабрь	37		Римма А.	А.	Римма	Круговорот (рассказ)	рассказ	15	21			
2008_37_07	Остров	художественно-публицистический и радикально-феминистский журнал	2008	декабрь	37		Анет Агапова	Агапова	Анет	Стихотворение и миниатюра		22	22			
2008_37_08	Остров	художественно-публицистический и радикально-феминистский журнал	2008	декабрь	37		Светлана Данькевич	Данькевич	Светлана	Анькина мама (рассказ)	рассказ	23	30			
2008_37_09	Остров	художественно-публицистический и радикально-феминистский журнал	2008	декабрь	37		Роза Неврозова	Неврозова	Роза	Гендер и кинесика  (продолжение темы)	продолжение темы	31	32			
2008_37_10	Остров	художественно-публицистический и радикально-феминистский журнал	2008	декабрь	37					Из писем девушки		33	36			
2008_37_11	Остров	художественно-публицистический и радикально-феминистский журнал	2008	декабрь	37					Бок о Бок кинофестиваль (материалы о прошедшем)	материалы о прошедшем	37	44			
2008_37_12	Остров	художественно-публицистический и радикально-феминистский журнал	2008	декабрь	37					Список публикаций		45	48			
2009_38_01	Остров	художественно-публицистический и радикально-феминистский журнал	2009	март	38					ТриДевятое царство: где оно? (интервью) Интервью со Светланой Костромой	интервью	2	5			
2009_38_02	Остров	художественно-публицистический и радикально-феминистский журнал	2009	март	38		Алёна		Алёна	Стихи		6	7	In ToC recorded as "Алена / Ли / Родина"		
2009_38_03	Остров	художественно-публицистический и радикально-феминистский журнал	2009	март	38		Ли		Ли							
2009_38_04	Остров	художественно-публицистический и радикально-феминистский журнал	2009	март	38		Родина		Родина							
2009_38_05	Остров	художественно-публицистический и радикально-феминистский журнал	2009	март	38		Ирина Александровна	Александровна	Ирина	Улица Пикарди (рассказ)	рассказ	8	10	Pseudonym Снег и Туман		
2009_38_06	Остров	художественно-публицистический и радикально-феминистский журнал	2009	март	38		Наташа Арбатова	Арбатова	Наташа	Страницы ЖЖ Наташи Артбатовой (размышления и стихи)	размышления и стихи	11	17			
2009_38_07	Остров	художественно-публицистический и радикально-феминистский журнал	2009	март	38		Мария Мирабелла	Мирабелла	Мария	Умка, Случай из жизни (рассказ)	рассказ	18	21			
2009_38_08	Остров	художественно-публицистический и радикально-феминистский журнал	2009	март	38		Ася  Belyaeva	Belyaeva	Ася 	Стихи		22	24			
2009_38_09	Остров	художественно-публицистический и радикально-феминистский журнал	2009	март	38		Виктор Письменный	Письменный	Виктор	Лесбийские страсти до Сапфо и в эпоху миллениума (статья)	статья	25	29			
2009_38_10	Остров	художественно-публицистический и радикально-феминистский журнал	2009	март	38		Роза Неврозова	Неврозова	Роза	В наследство (рассказ)	рассказ	30	31			
2009_38_11	Остров	художественно-публицистический и радикально-феминистский журнал	2009	март	38		Анна Баркова	Баркова	Анна	Люблю со злобой, со страданьем (стихотворение)	стихотворение	31	31			
2009_38_12	Остров	художественно-публицистический и радикально-феминистский журнал	2009	март	38		Мирра П.	П.	Мирра	Она была не моя (рассказ)	рассказ	32	35			
2009_38_13	Остров	художественно-публицистический и радикально-феминистский журнал	2009	март	38		Вера Будённая	Будённая	Вера	Мы родились в один день... 1 апреля (миниатюра и стихотворение)	миниатюра и стихотворение	36	37			
2009_38_14	Остров	художественно-публицистический и радикально-феминистский журнал	2009	март	38		Ширин Нешат	Нешат	Ширин	Между двумя мирами (статья)	статья	38	39			
2009_38_15	Остров	художественно-публицистический и радикально-феминистский журнал	2009	март	38		Роза Неврозова	Неврозова	Роза	Внимание к деталям (коротко)		40	41			
2009_38_16	Остров	художественно-публицистический и радикально-феминистский журнал	2009	март	38		Марта Браун	Браун	Марта	Стихи		42	42			
2009_38_17	Остров	художественно-публицистический и радикально-феминистский журнал	2009	март	38		Марина Мо	Мо	Марина	Любить так светло и странно... Слушая Елену Цертлих		43	44			
2009_39_01	Остров	художественно-публицистический и радикально-феминистский журнал	2009	июнь	39		Екатерина Симонова	Симонова	Екатерина	Любимая в стране чудес (стихи для детского чтения)	стихи для детского чтения	2	5			
2009_39_02	Остров	художественно-публицистический и радикально-феминистский журнал	2009	июнь	39		Ольга Герт	Герт	Ольга	Что сказала мама (рассказ)	рассказ	6	14			
2009_39_03	Остров	художественно-публицистический и радикально-феминистский журнал	2009	июнь	39		Анастасия Канарёк	Канарёк	Анастасия	Стихи		15	15			
2009_39_04	Остров	художественно-публицистический и радикально-феминистский журнал	2009	июнь	39		Ольга Царёва	Царёва	Ольга	Моя мама - артистка (рассказ)	рассказ	16	17			
2009_39_05	Остров	художественно-публицистический и радикально-феминистский журнал	2009	июнь	39		Роза Неврозова	Неврозова	Роза	Страна OZ (путевые заметки)	путевые заметки	18	19			
2009_39_06	Остров	художественно-публицистический и радикально-феминистский журнал	2009	июнь	39		Светлана Данькевич	Данькевич	Светлана	Юрий Гагарин (рассказ)	рассказ	20	28			
2009_39_07	Остров	художественно-публицистический и радикально-феминистский журнал	2009	июнь	39		Оксана Олексик	Олексик	Оксана	Стихи		29	29			
2009_39_08	Остров	художественно-публицистический и радикально-феминистский журнал	2009	июнь	39		С. С.	С. 	С.	Цветок папоротника для Леси Украинки (статья)	статья	30	36			
2009_39_09	Остров	художественно-публицистический и радикально-феминистский журнал	2009	июнь	39		Инна Вернер	Вернер	Инна	Гетеросексизм и право на любовь (заметки)	заметки	37	39			
2009_39_10	Остров	художественно-публицистический и радикально-феминистский журнал	2009	июнь	39		Адриана Рич	Рич	Адриана	Принудительная гетеросексуальность и лесбийское существование (реферат статьи)	реферат статьи	40	44			
2009_40_01	Остров	художественно-публицистический и радикально-феминистский журнал	2009	сентябрь	40		Ирина Александровна	Александровна	Ирина	Прости (рассказ)	рассказ	2	6	Pseudonym Снег и Туман		
2009_40_02	Остров	художественно-публицистический и радикально-феминистский журнал	2009	сентябрь	40		Ирина Горюнова	Горюнова	Ирина	Стихи		7	9			
2009_40_03	Остров	художественно-публицистический и радикально-феминистский журнал	2009	сентябрь	40		Надежда Сухова	Сухова	Надежда	Расскажи мне о погоде (рассказ)	рассказ	10	12			
2009_40_04	Остров	художественно-публицистический и радикально-феминистский журнал	2009	сентябрь	40		Анекс Квил	Квил	Анекс	Расскажи мне про Оскара Уальда (рассказ)	рассказ	13	15			
2009_40_05	Остров	художественно-публицистический и радикально-феминистский журнал	2009	сентябрь	40		Вера Будённая	Будённая	Вера	Стихи		16	17			
2009_40_06	Остров	художественно-публицистический и радикально-феминистский журнал	2009	сентябрь	40		Динара Султанова	Султанова	Динара	И далее по списку... (рассказ)	рассказ	18	24			
2009_40_07	Остров	художественно-публицистический и радикально-феминистский журнал	2009	сентябрь	40		Марта Яковлева	Яковлева	Марта	Стихи		25	27			
2009_40_08	Остров	художественно-публицистический и радикально-феминистский журнал	2009	сентябрь	40		Злата Линник	Линник	Злата	Раз-два-три, меня с тобой перемени! (рассказ)	рассказ	28	33			
2009_40_09	Остров	художественно-публицистический и радикально-феминистский журнал	2009	сентябрь	40		Татьяна Семёнова	Семёнова	Татьяна	Это модное слово - "толерантность" (заметки)	заметки	34	37			
2009_40_10	Остров	художественно-публицистический и радикально-феминистский журнал	2009	сентябрь	40		Любовь Баукина	Баукина	Любовь							
2009_40_11	Остров	художественно-публицистический и радикально-феминистский журнал	2009	сентябрь	40		Ольга Лаэдэль	Лаэдэль	Ольга	Гомофобия - инструмент фашизации (размышлениея)	размышлениея	38	41			
2009_40_12	Остров	художественно-публицистический и радикально-феминистский журнал	2009	сентябрь	40		pushastic		pushastic	Почему вы всё сводите к сексу  (вопрос)	вопрос	42	42	от пользователя pushastic		
2009_40_13	Остров	художественно-публицистический и радикально-феминистский журнал	2009	сентябрь	40		Ольга Герт	Герт	Ольга	Лесбийский роман. размышления о книге Яны Жан и не только		43	44			
2009_41_01	Остров	художественно-публицистический и радикально-феминистский журнал	2009	декабрь	41		Jennifer Hamblen	Hamblen	Jennifer	Русская угроза или Тихий призрачный свист (искренне)	искренне	2	4			
2009_41_02	Остров	художественно-публицистический и радикально-феминистский журнал	2009	декабрь	41		Лия Киргетова	Киргетова	Лия	Стихи		5	6			
2009_41_03	Остров	художественно-публицистический и радикально-феминистский журнал	2009	декабрь	41		Ирина Александрова	Александрова	Ирина	Ты не забудешь меня  (рассказ)	рассказ	7	11	Pseudonym Снег и Туман		
2009_41_04	Остров	художественно-публицистический и радикально-феминистский журнал	2009	декабрь	41		Ольга ~сапфо~ Сердцева	Сердцева	Ольга ~сапфо~	Стихи		12	13			
2009_41_05	Остров	художественно-публицистический и радикально-феминистский журнал	2009	декабрь	41		Анекс Квил	Квил	Анекс	Смятение чувств. цвейговские вариации		14	19			
2009_41_06	Остров	художественно-публицистический и радикально-феминистский журнал	2009	декабрь	41		Екатерина Соболь	Соболь	Екатерина	Стихи		20	21			
2009_41_07	Остров	художественно-публицистический и радикально-феминистский журнал	2009	декабрь	41		Лусия Эчеверия	Эчеверия	Лусия	Любовь, любопытство, прозак и сомнения (отрывки из романа)	отрывки из романа	22	27			
2009_41_08	Остров	художественно-публицистический и радикально-феминистский журнал	2009	декабрь	41		Виктория Чернятина	Чернятина	Виктория	Стихи		28	29			
2009_41_09	Остров	художественно-публицистический и радикально-феминистский журнал	2009	декабрь	41		Яна Жан	Жан	Яна	Три девицы под окном (рассказ)	рассказ	30	34			
2009_41_10	Остров	художественно-публицистический и радикально-феминистский журнал	2009	декабрь	41		Злата Линник	Линник	Злата	Идеальные родители (фантазия)	фантазия	35	36			
2009_41_11	Остров	художественно-публицистический и радикально-феминистский журнал	2009	декабрь	41		Фаина Гримберг	Гримберг	Фаина	Самка человека. кое-что о мифологеме материнства		37	42			
2009_41_12	Остров	художественно-публицистический и радикально-феминистский журнал	2009	декабрь	41		Ольга Герт	Герт	Ольга	Плетение. о книге Сары Уотерс		43	44			
2010_42_01	Остров	художественно-публицистический и радикально-феминистский журнал	2010	март	42		Саша Коган	Коган	Саша	Карла (очерк)	очерк	2	5			
2010_42_02	Остров	художественно-публицистический и радикально-феминистский журнал	2010	март	42		Агила		Агила	Стихи		6	7			
2010_42_03	Остров	художественно-публицистический и радикально-феминистский журнал	2010	март	42		Ася  Belyaeva	Belyaeva	Ася 	Иди (рассказ)	рассказ	8	10			
2010_42_04	Остров	художественно-публицистический и радикально-феминистский журнал	2010	март	42		Ксения Бесфамильная	Бесфамильная	Ксения	Стихи		11	11			
2010_42_05	Остров	художественно-публицистический и радикально-феминистский журнал	2010	март	42		Маргарита Мерчант	Мерчант	Маргарита	Одноклассницы.ru (рассказ)	рассказ	12	18			
2010_42_06	Остров	художественно-публицистический и радикально-феминистский журнал	2010	март	42		Алёна Ливинг	Ливинг	Алёна	Стихи		19	20			
2010_42_07	Остров	художественно-публицистический и радикально-феминистский журнал	2010	март	42		Вита Шабалина	Шабалина	Вита	Для любимой женщины (рассказ)	рассказ	21	23			
2010_42_08	Остров	художественно-публицистический и радикально-феминистский журнал	2010	март	42		Влада Волновская	Волновская	Влада	Стихи		24	25			
2010_42_09	Остров	художественно-публицистический и радикально-феминистский журнал	2010	март	42		Анастасия Нежинская	Нежинская	Анастасия	Гостья (рассказ-лабиринт)	рассказ-лабиринт	26	29			
2010_42_10	Остров	художественно-публицистический и радикально-феминистский журнал	2010	март	42		Лидия Бровченко	Бровченко	Лидия	Стихи		30	31			
2010_42_11	Остров	художественно-публицистический и радикально-феминистский журнал	2010	март	42		DaisyCorin		DaisyCorin	Трахачевского 69. Камин-аут (продолжение)	продолжение	32	35			
2010_42_12	Остров	художественно-публицистический и радикально-феминистский журнал	2010	март	42		Елена Иванова	Иванова	Елена	Стихи		36	37			
2010_42_13	Остров	художественно-публицистический и радикально-феминистский журнал	2010	март	42		Любава Малышева	Малышева	Любава	Barr Body, тельце Барра или Х-половой хроматин (половой вопрос)	половой вопрос	38	42			
2010_42_14	Остров	художественно-публицистический и радикально-феминистский журнал	2010	март	42		Нэви		Нэви	Стихи		43	44			
2010_42_15	Остров	художественно-публицистический и радикально-феминистский журнал	2010	март	42		Мята Немятая	Немятая	Мята	Не самка женщина, но - человек!		45	48	в ответ на статью Ф. Гримберг "Самка человека"		
2010_43_01	Остров	художественно-публицистический и радикально-феминистский журнал	2010	март	43		АССА		АССА	Междугородний роман (вариация на тему)	вариация на тему	2	4			
2010_43_02	Остров	художественно-публицистический и радикально-феминистский журнал	2010	март	43		Татьяна Veter	Veter	Татьяна	Стихи		5	5			
2010_43_03	Остров	художественно-публицистический и радикально-феминистский журнал	2010	март	43		Наталья Черняева	Черняева	Наталья	Кризис (рассказ)	рассказ	6	8			
2010_43_04	Остров	художественно-публицистический и радикально-феминистский журнал	2010	март	43		Мари Фиар	Фиар	Мари	Стихи		9	9			
2010_43_05	Остров	художественно-публицистический и радикально-феминистский журнал	2010	март	43		Надежда Сухова	Сухова	Надежда	Желаю счастья (рассказ)	рассказ	10	13			
2010_43_06	Остров	художественно-публицистический и радикально-феминистский журнал	2010	март	43		Вера Будённая	Будённая	Вера	Стихи		14	15			
2010_43_07	Остров	художественно-публицистический и радикально-феминистский журнал	2010	март	43		Юсенкай		Юсенкай	Светку лучше не злить (рассказ)	рассказ	16	21			
2010_43_08	Остров	художественно-публицистический и радикально-феминистский журнал	2010	март	43		Юлия Белова	Белова	Юлия	Стихи		22	23			
2010_43_09	Остров	художественно-публицистический и радикально-феминистский журнал	2010	март	43		Захира Шетлер	Шетлер	Захира	Хозяйка Медной горы (сказка)	сказка	24	28			
2010_43_10	Остров	художественно-публицистический и радикально-феминистский журнал	2010	март	43		Любава Малышева	Малышева	Любава	Стихи		29	30			
2010_43_11	Остров	художественно-публицистический и радикально-феминистский журнал	2010	март	43		Злата Линник	Линник	Злата	Невозможного нет (упражнение)	упражнение	31	32			
2010_43_12	Остров	художественно-публицистический и радикально-феминистский журнал	2010	март	43		Анна внутри	внутри	Анна	Стихи		33	34			
2010_43_13	Остров	художественно-публицистический и радикально-феминистский журнал	2010	март	43		Влада Волновская	Волновская	Влада	Есть ли у нас "мы"? (эссе)	эссе	35	36	эссе на книгу Ирины Горюновой "У нас есть мы"		
2010_43_14	Остров	художественно-публицистический и радикально-феминистский журнал	2010	март	43		Валерия Васильева	Васильева	Валерия	Стихи		37	38			
2010_43_15	Остров	художественно-публицистический и радикально-феминистский журнал	2010	март	43		Ольга Герт	Герт	Ольга	О правах лесбиянок и гей-парадах		39	48	в полемике с блоггерами Labrys.ru		