Entry ID	Journal Title	Secondary title	Year	Month	Issue	Section	Author, Transliterated	Author LN, Transliterated	Author FN, Transliterated	Contribution Title, Transliterated	Genre (As indicated in ToC)	Start Page	End Page	Notes	Place	Publisher	Source
1999_01_01	Ostrov	khudozhestvenno-publitsisticheskii i radikal'no-feministskii zhurnal	1999	December	1		Ol'ga Gert	Gert	Ol'ga	Radikal'nyi feminizm: chto eto takoe?		6	10	Excerpt in TOC: "Nash zhurnal nazyvaetsia 'radikal'no-feministskii', khotia proshche bylo by ego nazvat' 'lesbiiskii.' Odnako my poshli bolee slozhnym putem."			
1999_01_02	Ostrov	khudozhestvenno-publitsisticheskii i radikal'no-feministskii zhurnal	1999	December	1		Elena Frolova	Frolova	Elena	"Taina pesni..." (interv'iu)		11	15	Net li u Vas kakikh-to perezhitkov strakha otkryto vynosit' na stsenu ee intimnuiu liriku? Net. Eto vse o liubvi... A Kyzmin, Chaikovskii, Zinaida Gippius?.. Liubov' otkryvaet mir i liubov' zhenshchiny k zhenshchine, bezuslovno, tozhe.			
1999_01_03	Ostrov	khudozhestvenno-publitsisticheskii i radikal'no-feministskii zhurnal	1999	December	1		Sofiia Parnok	Parnok	Sofiia	Lesbos! Pesnopen'ia kolybel'...		16	19	"Rozy Pierii"--eto svoeobraznaia stilizatsiia pod drevniuiu klassicheskuiu poeziiu, preimushchestvenno pod ranniuiu eoliiskuiu liriku s ee vitievatost'iu i muzykal'noi slovesnost'iu.			
1999_01_04	Ostrov	khudozhestvenno-publitsisticheskii i radikal'no-feministskii zhurnal	1999	December	1		S. I. Lipkin	Lipkin	S. I.	"Takoe byvalo..." (Vospominaniia o Sofii Parnok)		20	21	U nee byli dovol'no shirokie plechi, ochen' khoroshaia ulybka, no glaza grustnye, litso - simpatichnoe; molchalivaia. Ia s nei vstrechalsia ne chasto.			
1999_01_05	Ostrov	khudozhestvenno-publitsisticheskii i radikal'no-feministskii zhurnal	1999	December	1		Liliana Khashimova	Khashimova	Liliana	Vpolgolosa		22	38	Kak vot seichas my sidim v temnote, tak i u menia vnutri: tikho, temno, toshno. I vse khochetsia idti kuda-to, daleko-daleko... Ty znaesh', mne inogda kazhetsia, gde-to ochen' daleko menia zhdut, a kto zhdet, gde, zachem - ne znaiu. Vot mne i khochetsia bezhat' tuda, gde zhdut... znat' by tol'ko! - i pobezhala b.			
1999_01_06	Ostrov	khudozhestvenno-publitsisticheskii i radikal'no-feministskii zhurnal	1999	December	1		Ol'ga Gert	Gert	Ol'ga	Vopros bez otveta (rasskaz mezhdu delom za chashkoi chaia)		39	41	Ona byla tsarstvenno igriva i nasmeshlivo tragichna. Ona byla prekrasna vo vsem - v slovakh, v zhestakh, v golose.			
1999_01_07	Ostrov	khudozhestvenno-publitsisticheskii i radikal'no-feministskii zhurnal	1999	December	1		P. Belopol'skaia	Belopol'skaia	P.	Rol'		42	44	.......Bozhe, da ona, po-moemu, vliubilas'. Neuzheli byvaet liubov' s pervogo vzgliada? ....... Navernoe....... Zaglianem-ka v stsenarii.......			
2000_02_01	Ostrov	khudozhestvenno-publitsisticheskii i radikal'no-feministskii zhurnal	2000	March	2					Interv'iu s Elenoi Grigor'evnoi i Natal'ei Vorontsovoi-Iur'evoi		2	4	E.G.: Ideia publikatsii pervoi knigi romana "Sneg dlia Mariny" tesno sviazana s deiatel'nost'iu Arkhiva lesbiianok i geev. Sredi nashego sobraniia nakhodiatsia rukopisi avtorov, nikogda ranee ne publikovavshiesia.			
2000_02_02	Ostrov	khudozhestvenno-publitsisticheskii i radikal'no-feministskii zhurnal	2000	March	2		A. Aksenova	Aksenova	A.	Ty daleko... (stikhi)		5	5				
2000_02_03	Ostrov	khudozhestvenno-publitsisticheskii i radikal'no-feministskii zhurnal	2000	March	2		Deivid Tuller	Tuller	Deivid	Prikliucheniia "seksual'nogo shpiona" na dache (glava iz knigi)		6	20	No kogda ona poniala, chto vse vser'ez i nadolgo - otnosheniia stali natianutymi. Tak prodolzhalos' neskol'ko let. Do togo dnia, kogda my vtroem zanialis' liubov'iu. Tol'ko togda iz nashikh otnoshenii ushla napriazhennost'.			
2000_02_04	Ostrov	khudozhestvenno-publitsisticheskii i radikal'no-feministskii zhurnal	2000	March	2		Marina Kulakova	Kulakova	Marina	Ne druzhba, a liubov'... (stikhi)		21	24				
2000_02_05	Ostrov	khudozhestvenno-publitsisticheskii i radikal'no-feministskii zhurnal	2000	March	2		Liliana Khashimova	Khashimova	Liliana	Vpolgolosa (okonchanie povesti)		25	37	Oni obe podnialis', ostorozhno i trepetno perepleli ruki, i, glotnuv kazhdaia iz chuzhoi riumki, ostalis' stoiat', gliadia drug drugu v glaza. Vedeneeva medlenno opustila na stol fuzher s vinom, Sofiia postavila riadom svoi			
2000_02_06	Ostrov	khudozhestvenno-publitsisticheskii i radikal'no-feministskii zhurnal	2000	March	2		S. Ia. Parnok	Parnok	S. Ia.	Pis'ma S. Ia. Parnok k N. E. Vedeneevoi		38	44				
2000_03_01	Ostrov	khudozhestvenno-publitsisticheskii i radikal'no-feministskii zhurnal	2000	June	3		Walrus		Walrus	Valres: Stikhi		2	3				
2000_03_02	Ostrov	khudozhestvenno-publitsisticheskii i radikal'no-feministskii zhurnal	2000	June	3					Razve liubit' zhenshchin - eto uzhasno? Eto - prekrasno! (Interv'iu s Maiei Zakharavnoi)		4	10	Razve liubit' zhenshchinu - eto uzhasno? Po-moemu, prekrasno. I komu kakoe delo do togo, kogo ia liubliu? ... Ved' ia, buduchi ledbiiankoi, ne naviazyvaiu svoi predpochteniia okruzhaiushchim! Pochemu zhe oni schitaiut sebia vprave naviazyvat' mne svoiu voliu?			
2000_03_03	Ostrov	khudozhestvenno-publitsisticheskii i radikal'no-feministskii zhurnal	2000	June	3		Svetlana Berzina	Berzina	Svetlana	Kak ia stal nenormal'nym		11	23	Kogda ia stal nenormal'nym? Teper' trudno skazat'. Nenormal'nost' uzhe v tom, chto ia davno periodicheski govoriu o sebe kak o "nem", a ne kak o "nei".			
2000_03_04	Ostrov	khudozhestvenno-publitsisticheskii i radikal'no-feministskii zhurnal	2000	June	3		Grigorii Chkharmishvili	Chkharmishvili	Grigorii	Odnopolaia liubov' (glava iz knigi "Pisatel' i samoubiistvo")		24	28	Primerov kosvennoi sviazi gomoseksualizma s samoubiistvom dovol'no mnogo: U. Bekford, V. Kniazev, I. Ignat'ev, N. Kassidi, Iu. Misima i t.d. Priamaia zhe prichinno-sledstvennaia sviaz' chashche nabliudaetsia ne u muzhchin, a u zhenshchin.			
2000_03_05	Ostrov	khudozhestvenno-publitsisticheskii i radikal'no-feministskii zhurnal	2000	June	3		Polina Alekseeva	Alekseeva	Polina	Pravednaia GALBRIS		29	32	Grecheskaia istoriia chrezvychaino nasyshchena ledengami o mifologizorannoi nyne Ippolite, vyvshei v svoe vremia otvazhnoi, voinstvennoi i derzkoi tsaritsei amazonok.			
2000_03_06	Ostrov	khudozhestvenno-publitsisticheskii i radikal'no-feministskii zhurnal	2000	June	3		Ia. Podol'skaia	Podol'skaia	Ia.	Plach Mol'padii		33	33				
2000_03_07	Ostrov	khudozhestvenno-publitsisticheskii i radikal'no-feministskii zhurnal	2000	June	3		Tat'iana NeLarina	NeLarina	Tat'iana	"Sviaz'" kak zerkalo nerusskoi revoliutsii seksual'nykh men'shevikov		34	40	Esli by etot fil'm byl zhenshchinoi (i esli mne prostiat takie siurrealisticheskie fantazii), ia by posviatila emu (ei) vsiu svoiu zhizn', a tak posviashchaiu eti skromnye zametki.			
2000_03_08	Ostrov	khudozhestvenno-publitsisticheskii i radikal'no-feministskii zhurnal	2000	June	3		Ol'ga Gert	Gert	Ol'ga	Moi Misima		41	44	Nado skazat', roman Misimy do takikh rassudenii chitatelia ne dovodit. On opisyvaet somneniia podrostka. I mne eti somneniia blizki i poniatny. Potomu eto - "moi Misima". Vprochem, ne tol'ko moi...			
2000_04_01	Ostrov	khudozhestvenno-publitsisticheskii i radikal'no-feministskii zhurnal	2000	September	4		Valerii Sandler	Sandler	Valerii	Ocharovannye strannitsy		2	5	Pri vsekh razlichiiakh v obraze i urovne prezhnei zhizni ikh oshchushchenie mira vnutri i vokrug sebia okazalos' do takoi stepeni nastroeno na odnu i tu zhe volnu, a liubye otkloneniia vpravo-vlevo vygliadeli stol' neznachitel'nymi, chto stalo iasno glavnoe: im ne zhit' drug bez druga.			
2000_04_02	Ostrov	khudozhestvenno-publitsisticheskii i radikal'no-feministskii zhurnal	2000	September	4		Liubov' Zinov'eva	Zinov'eva	Liubov'			23	24	ToC features a pictograph of a hand writing with a pen on a scroll. The actual contribution is a set of poems.			
2000_04_03	Ostrov	khudozhestvenno-publitsisticheskii i radikal'no-feministskii zhurnal	2000	September	4		Natal'ia Vorontsova-Iur'eva	Vorontsova-Iur'eva	Natal'ia	Tanets		8	26	"No ved' ona tozhe liubit menia," prosheptala ona. "Togda chego tebe ne khvataet?" "Liubvi," tikho skazala ona.			
2000_04_04	Ostrov	khudozhestvenno-publitsisticheskii i radikal'no-feministskii zhurnal	2000	September	4		P. Belopol'skaia	Belopol'skaia	P.	Ta samaia kniga, kotoraia... (ocherk o romane N. Vorontsovoi "Sneg dlia Mariny. Kniga pervaia")		29	33	Dochitala knigu do kontsa, i slovno ot kniofil'ma ne mogla otoiti. Slovno, vse eshche BYLA TAM, v ch'em-to proshlom, kotoroe pochemu-to stalo i moim.			
2000_04_05	Ostrov	khudozhestvenno-publitsisticheskii i radikal'no-feministskii zhurnal	2000	September	4		Ol'ga Tsareva	Tsareva	Ol'ga	Taki-da		34	37	Obeshchanie sebe vechnoi razluki s zhenshchinoi, kotoraia nikogda ne skazhet mne "da", ia vyderzhala rovno mesiats.			
2000_04_06	Ostrov	khudozhestvenno-publitsisticheskii i radikal'no-feministskii zhurnal	2000	September	4		Iuliia Kurova	Kurova	Iuliia	Lesbiianki - nas ne mozhet ne byt' / Lesbiianki - plokhie devchonki		38	41	Kruche liubvi dvukh radikal'nykh lesbiianok nichego ne mozhet byt'			
2000_04_07	Ostrov	khudozhestvenno-publitsisticheskii i radikal'no-feministskii zhurnal	2000	September	4		Tat'iana NeLarina	NeLarina	Tat'iana	Vosem' tysiach		42	44	Lovliu gubami na ee shee tonkii pul's, kotoryi nachinaet stuchat' eshche bystree. Slyshu bezzvuchnoe: "Smelee"...			
2000_05_01	Ostrov	khudozhestvenno-publitsisticheskii i radikal'no-feministskii zhurnal	2000	December	5		Elena Novozhilova	Novozhilova	Elena	Epistoly		2	4				
2000_05_02	Ostrov	khudozhestvenno-publitsisticheskii i radikal'no-feministskii zhurnal	2000	December	5		Ol'ga Kliukina	Kliukina	Ol'ga	"Sapfo", roman dlia tekh, kto liubit zhenshchin i drevnie skazki (interv'iu s avtorom)		5	9	Mne s samogo nachala khotelos' napisat' chto-to vrode skazki (legendy, sobstvennogo mida) o derzosti i prirodnoi, stikhiinoi sile, kotoraia taitsia v kazhdoi zhenshchine. Sapfo okazalas' pervoi, kto smogla etu silu vyrazit' slovakh.			
2000_05_03	Ostrov	khudozhestvenno-publitsisticheskii i radikal'no-feministskii zhurnal	2000	December	5		Ol'ga Kliukina	Kliukina	Ol'ga	Sapfo (glava iz romana "Sapfo ili Pesni rozovogo berega")		10	26	Sapfo krepko zazhmurilas', nadeias' khotia by seichas otchetlivo uvidet' pered soboi litso Anaktorii, no snova ne smogla ego vspomnit' vo vsekh dragotsennykh podrobnostiakh. Kakoi ona byla, Anaktoriia? Krasivoi? Da, kazhetsia...			
2000_05_04	Ostrov	khudozhestvenno-publitsisticheskii i radikal'no-feministskii zhurnal	2000	December	5		Liubov' Zinov'eva	Zinov'eva	Liubov'			27	28	[Correspondence]			
2000_05_05	Ostrov	khudozhestvenno-publitsisticheskii i radikal'no-feministskii zhurnal	2000	December	5		Marina Nemirova	Nemirova	Marina	NETA		29	39	Ia znaiu, ty mogla togda zabyt' pro vse, ty mogla, kak sama i govorila, krichat' v polnyi golos na ploshchadiakh, pustykh ili polnykh, ukazyvaia na menia: smotrite, vot sushchestvo dostoinoe liubvi i vernosti.			
2000_05_06	Ostrov	khudozhestvenno-publitsisticheskii i radikal'no-feministskii zhurnal	2000	December	5					Vy nam pisali...		40	41				
2000_05_07	Ostrov	khudozhestvenno-publitsisticheskii i radikal'no-feministskii zhurnal	2000	December	5					Zhili-byli		42	44	My molimsia odnomu bogu - neprivykaniiu, i nash edinobozhie pitaetsia proshlym opytom sovmestnogo prozhivaniia s drugimi vozliublennymi: s utra do vechera - razborki, s vechera do utra - primireniia, i obiazatel'nye ezhenedel'nye - na polnom ser'eze - rasstavaniia "navsegda".			
2001_06_01	Ostrov	khudozhestvenno-publitsisticheskii i radikal'no-feministskii zhurnal	2001	March	6		Tat'iana NeLarina	NeLarina	Tat'iana	Ostryi zhenskii vzgliad		2	3	... eshche nikogda v noveishei istorii ne bylo takogo kolichestva iarkikh, blestiashchikh, unikal'nykh zhenshchin...			
2001_06_02	Ostrov	khudozhestvenno-publitsisticheskii i radikal'no-feministskii zhurnal	2001	March	6		Heike M.	M.	Heike	Esli govorit' o razlitsiakh... (interv'iu)		4	9	Kstati, esli govorit' o razlichiiakh v polozhenii lebiianok v Rossii i v Germanii to... u nas prosto ne priniato shutit' na gomoseksual'nye temy.			
2001_06_03	Ostrov	khudozhestvenno-publitsisticheskii i radikal'no-feministskii zhurnal	2001	March	6					Raznopravie dlia... (iz sbornika "Ravnopravie dlia lesbiianok i geev")		10	24	Lesbigeevskoe dvizhenie vsegda schitalo sebia chast'iu obshchei bor'by za ravnopravie cheloveka, vor'by s predrassudkami i diskriminatsiei, protiv podavleniia men'shinstv...			
2001_06_04	Ostrov	khudozhestvenno-publitsisticheskii i radikal'no-feministskii zhurnal	2001	March	6		Ol'ga Tsareva	Tsareva	Ol'ga	Golubaia komissiia		25	32	Itaki, oni ponimali, chto ona zdes' - iz-za devochek, a ona ponimala, chto oni zdes' - iz-za mal'chikov. Molodye simpatichnye abiturienty, novye kazhdyi den', volnuiushchiesia...			
2001_06_05	Ostrov	khudozhestvenno-publitsisticheskii i radikal'no-feministskii zhurnal	2001	March	6		Nynia (?) Uvil'nuvshaia (?)	Uvil'nuvshaia (?)	Nynia (?)	Moei Madonne (poema)		33	35				
2001_06_06	Ostrov	khudozhestvenno-publitsisticheskii i radikal'no-feministskii zhurnal	2001	March	6		Liliana Khashimova	Khashimova	Liliana	A mir prokhodit... (etiud)		36	41	Ia vspominala Vas s takoi bezuderzhnoi otdachei i nezhnost'iu, chto... rodilos' beznadezhnosti, vozmozhnost' zhit', sushchestvovat', smiriat'sia i nakhodit' v etom radost'.			
2001_06_07	Ostrov	khudozhestvenno-publitsisticheskii i radikal'no-feministskii zhurnal	2001	March	6		Lana Zemnaia	Zemnaia	Lana	Posmotri na mir glazami... lesbiianki		42	43	I eshche znaiu, kak ishchesh' (i vsiu zhizn' budesh' iskat') tot rokovoi, pritiagivaiushchii, drazniashchii i razreshaiushchii vzgliad...			
2001_06_08	Ostrov	khudozhestvenno-publitsisticheskii i radikal'no-feministskii zhurnal	2001	March	6					Vy nam pisali...		44	44				
2001_07_01	Ostrov	khudozhestvenno-publitsisticheskii i radikal'no-feministskii zhurnal	2001	June	7					Interv'iu s Karloi							
2001_07_02	Ostrov	khudozhestvenno-publitsisticheskii i radikal'no-feministskii zhurnal	2001	June	7					Osushchestvlennaia mechta		2	7	Ia khotela nash obshchii dom, dom, kotoryi by my vmeste remontirovali. S koshkami i s det'mi.			
2001_07_03	Ostrov	khudozhestvenno-publitsisticheskii i radikal'no-feministskii zhurnal	2001	June	7					Babii vek my tak i ne prozhili		8	9				
2001_07_04	Ostrov	khudozhestvenno-publitsisticheskii i radikal'no-feministskii zhurnal	2001	June	7		Marina Nemirova	Nemirova	Marina	Iris		10	19	Konechno, takogo ne mozhet byt', no ona ne ostanavlivaetsia i ia konchaiu, riskuia sdelat' ei bol'no ili napugat' svoimi nevniatnymi bormotaniiami i slezami.			
2001_07_05	Ostrov	khudozhestvenno-publitsisticheskii i radikal'no-feministskii zhurnal	2001	June	7		Lana Zemnaia	Zemnaia	Lana	Ruki Mariny		20	22	Mne nravilis' mindalevidnye glaza s nebol'shimi ostrymi resnitsami i nebrezhnaia chelka temnykh ... volos.			
2001_07_06	Ostrov	khudozhestvenno-publitsisticheskii i radikal'no-feministskii zhurnal	2001	June	7		Liubov' Zinov'eva	Zinov'eva	Liubov'		Pis'mo	23	24				
2001_07_07	Ostrov	khudozhestvenno-publitsisticheskii i radikal'no-feministskii zhurnal	2001	June	7		Iuliia Kurova	Kurova	Iuliia	Oni i my (zarisovki s natury)		25	30	V liudiakh deistvitel'no slozhno i interesno smeshany muzhskoe i zhenskoe nachalo.			
2001_07_08	Ostrov	khudozhestvenno-publitsisticheskii i radikal'no-feministskii zhurnal	2001	June	7		Lilit		Lilit	Vstrecha s...		31	31	Ia khotela prichinit' ei bol', uvidet' ee revnost'. No telefon po-prezhnemu molchal.			
2001_07_09	Ostrov	khudozhestvenno-publitsisticheskii i radikal'no-feministskii zhurnal	2001	June	7					Vy nam pisali...		32	33				
2001_07_10	Ostrov	khudozhestvenno-publitsisticheskii i radikal'no-feministskii zhurnal	2001	June	7		Ol'ga Tsareva	Tsareva	Ol'ga	Zhudozhnik		34	41	Tak i zhivem, vshesterom. Nu, konechno, naschet devok, chtob v dom vodit', dolgo rugalis'. Kto - za, kto - protiv. Odna govorit, chtob dela svoi, gde khotim, tam i delali chtob, a domoi ne vodili.			
2001_07_11	Ostrov	khudozhestvenno-publitsisticheskii i radikal'no-feministskii zhurnal	2001	June	7		Iuliia Kurova	Kurova	Iuliia	Voina polov		42	43				
2001_08_01	Ostrov	khudozhestvenno-publitsisticheskii i radikal'no-feministskii zhurnal	2001	September	8					Pamiati Maii Zakharovny		2	5	Otnosit'sia k nei mozhno bylo kak ugodno - sama ona, kazhetsia, ni na kogo ne derzhala i ne slishkom-to dorozhila mneniem obshchestva na svoi schet; ona umela smushchat; okruzhaiushchikh postupkami, na kotorye mozhet osmelit'sia razve chto besshabashnaia devchonka.			
2001_08_02	Ostrov	khudozhestvenno-publitsisticheskii i radikal'no-feministskii zhurnal	2001	September	8		Elena Novozhilova	Novozhilova	Elena		Pis'mo	6	8				
2001_08_03	Ostrov	khudozhestvenno-publitsisticheskii i radikal'no-feministskii zhurnal	2001	September	8		Ol'ga Gert	Gert	Ol'ga	Nauka liubvi		9	25	<3 Ia liubila tebia, kogda ty vnimate'no smotrela na voronu, opustivshuiusia na nadgrobnuiu plitu na kladbishche, gde byla mogila Parnok i gde my neredko byvali, liubila, kogda ty, podrazhaia golosam tekh, s kem ty tol'ko chto razgovarivala po telefonu, razygryvala ves' vash dialog.			
2001_08_04	Ostrov	khudozhestvenno-publitsisticheskii i radikal'no-feministskii zhurnal	2001	September	8		Lana Zemnaia	Zemnaia	Lana		Pis'mo	26	26				
2001_08_05	Ostrov	khudozhestvenno-publitsisticheskii i radikal'no-feministskii zhurnal	2001	September	8		Liubov' Zinov'eva	Zinov'eva	Liubov'	Lebedinaia pesnia ili pryzhok chernoi pantery (simfoniia liubvi)		27	41	Ona byla bezumno bogata, ona byla ocharovatel'no cherna i voskhititel'no krasiva. Temperament ee lakeev podkazal ei eshche v otrochestve mysl' o bestsvetnosti sovokupleniia, bogatye sosedi - o prodazhnosti onogo, tsvet kozhi - ob otvratitel'nosti vybora. A zvali ee sovsem prosto - Rama, Rama Sheremet'eff. Slovom, nasha Rama presytilas' vsiakoi, grubo govoria, plot'iu i ee na osobuiu romantiku potianulo, liubvi chutkoi, dushevnoi zakhotelos'.			
2001_08_06	Ostrov	khudozhestvenno-publitsisticheskii i radikal'no-feministskii zhurnal	2001	September	8		Iuliia Kurova	Kurova	Iuliia	Tema: "O merzkikh devushkakh"		42	44	Dal'she byli bolee svetlye i legkie vliublennosti v sotrudnits (u nas tam byl nastoiashchii tsvetnik). Odna iz etikh vliublennostei protekala ochen' krasivo, s raznogo roda nezhnostiami, tsvetami, vzryvami emotsii, tango na glavnoi ulitse goroda, sideniem na koleniakh drug u druga i prochee...			
2001_09_01	Ostrov	khudozhestvenno-publitsisticheskii i radikal'no-feministskii zhurnal	2001	December	9		Tat'iana Vasil'eva	Vasil'eva	Tat'iana		Pis'mo	2	3				
2001_09_02	Ostrov	khudozhestvenno-publitsisticheskii i radikal'no-feministskii zhurnal	2001	December	9		Anna Davydova	Davydova	Anna	Besshumnye volny		4	14	Ego ruki, kak volny teplogo moria, laskaiut menia. / Ego potselui ostavliaiut sledy ozhogov na moem tele. / Liubov' - rai i ad na zemle.			
2001_09_03	Ostrov	khudozhestvenno-publitsisticheskii i radikal'no-feministskii zhurnal	2001	December	9		El'vira		El'vira		Pis'mo	15	16				
2001_09_04	Ostrov	khudozhestvenno-publitsisticheskii i radikal'no-feministskii zhurnal	2001	December	9		Liubov' Zinov'eva	Zinov'eva	Liubov'	Lebedinaia pesnia ili pryzhok chernoi pantery (simfoniia liubvi)		17	25	Vdrug sovsem riadom ia uslyshala svetlyi smekh, legkaia ruka legla na moe plecho i nezhnyi potselui kosnulsia moei shcheki. Ia podniala glaza. Eto byla Rama. Ona smeialas'.			
2001_09_05	Ostrov	khudozhestvenno-publitsisticheskii i radikal'no-feministskii zhurnal	2001	December	9		Natal'ia Vorontsova-Iur'eva	Vorontsova-Iur'eva	Natal'ia	Gei-bar. Nochnoe vremia dnia		26	27				
2001_09_06	Ostrov	khudozhestvenno-publitsisticheskii i radikal'no-feministskii zhurnal	2001	December	9		Liliana Khashimova	Khashimova	Liliana	Tetradka bez oblozhki		28	38	Ona skazala shutlivo, chto vot, mol, nashlas' tsenitel'nitsa istinnoi krasoty, i vdrug v mgnovenie oka soskol'znula s divana, opustilas' na koleni, obniala mne bedra, polozhila na moi koleni golovu.			
2001_09_07	Ostrov	khudozhestvenno-publitsisticheskii i radikal'no-feministskii zhurnal	2001	December	9		Lana Zemnaia	Zemnaia	Lana	Otchuzhdenie		39	40	Pochemu tak poluchilos'? V kakoi-to moment samye blizkie podrugi prevratilis' v obychnykh doch' i mat'. Otkrovennost' smenilas' nastorozhennost'iu, doverchivost' - grubost'iu, ozhivlennye razgovory - napriazhennym molchaniem i vzaimnymi uprekami			
2001_09_08	Ostrov	khudozhestvenno-publitsisticheskii i radikal'no-feministskii zhurnal	2001	December	9					Tigeriny (?) moskovskie zapiski		41	44	Ni znaia odnogo imeni v zale, delilas' svoim sumasshedshim sedtsem. Stuk - stuk - krov' otkhlynula, zaglianula vo vse glaza, kazhduiu obnimaia.			
2002_10_01	Ostrov	khudozhestvenno-publitsisticheskii i radikal'no-feministskii zhurnal	2002	March	10		Ol'ga Ganeeva	Ganeeva	Ol'ga			2	4				
2002_10_02	Ostrov	khudozhestvenno-publitsisticheskii i radikal'no-feministskii zhurnal	2002	March	10					Pod lozungom "Noch' prinadlezhit nam!"		5	7				
2002_10_03	Ostrov	khudozhestvenno-publitsisticheskii i radikal'no-feministskii zhurnal	2002	March	10		Anna Davydova	Davydova	Anna	Film Study		8	11				
2002_10_04	Ostrov	khudozhestvenno-publitsisticheskii i radikal'no-feministskii zhurnal	2002	March	10		Tuve Iansson	Iansson	Tuve	Velikoe puteshestvie		12	21				
2002_10_05	Ostrov	khudozhestvenno-publitsisticheskii i radikal'no-feministskii zhurnal	2002	March	10					SKVOrchinye treli (detskie pesenki)		22	22				
2002_10_06	Ostrov	khudozhestvenno-publitsisticheskii i radikal'no-feministskii zhurnal	2002	March	10		Fren Uolt	Uolt	Fren	Zloupotrebleniia vo vzaimootnosheniiakh partnerov		23	31				
2002_10_07	Ostrov	khudozhestvenno-publitsisticheskii i radikal'no-feministskii zhurnal	2002	March	10					Tigera		32	34				
2002_10_08	Ostrov	khudozhestvenno-publitsisticheskii i radikal'no-feministskii zhurnal	2002	March	10		Margarita Sharapova	Sharapova	Margarita	Preditel'stvo		35	38				
2002_10_09	Ostrov	khudozhestvenno-publitsisticheskii i radikal'no-feministskii zhurnal	2002	March	10					Vy nam pisali		39	42				
2002_10_10	Ostrov	khudozhestvenno-publitsisticheskii i radikal'no-feministskii zhurnal	2002	March	10					Mestnye novosti		43	44				
2002_11_01	Ostrov	khudozhestvenno-publitsisticheskii i radikal'no-feministskii zhurnal	2002	June	11		Selena		Selena		Pis'mo	2	4				
2002_11_02	Ostrov	khudozhestvenno-publitsisticheskii i radikal'no-feministskii zhurnal	2002	June	11					Rasskaz neznakomki		5	11				
2002_11_03	Ostrov	khudozhestvenno-publitsisticheskii i radikal'no-feministskii zhurnal	2002	June	11		Faina Grimberg	Grimberg	Faina	Safiia	pis'mo	12	14				
2002_11_04	Ostrov	khudozhestvenno-publitsisticheskii i radikal'no-feministskii zhurnal	2002	June	11		Liliana Khashimova	Khashimova	Liliana	"Monastyr' muz"		15	26	K istorii tvorcheskikh i lichnykh vzaimootnoshchenii G. N. Kuznetsovoi, I. A. Bunina, V. N. Muromtsevoi-Buninoi, M. A. Stepun.			
2002_11_05	Ostrov	khudozhestvenno-publitsisticheskii i radikal'no-feministskii zhurnal	2002	June	11		Lado		Lado		pis'mo	27	29				
2002_11_06	Ostrov	khudozhestvenno-publitsisticheskii i radikal'no-feministskii zhurnal	2002	June	11		Svetlana Dan'kevich	Dan'kevich	Svetlana			30	31				
2002_11_07	Ostrov	khudozhestvenno-publitsisticheskii i radikal'no-feministskii zhurnal	2002	June	11					Sovetskoe kino		32	35				
2002_11_08	Ostrov	khudozhestvenno-publitsisticheskii i radikal'no-feministskii zhurnal	2002	June	11					Shifrovil'shchitsy		36	38				
2002_11_09	Ostrov	khudozhestvenno-publitsisticheskii i radikal'no-feministskii zhurnal	2002	June	11		I. S. Kupriianova	Kupriianova	I. S.	Odnopolye sem'i v sovremennom obshchestve: problemy normalizatsii		39	42				
2002_11_10	Ostrov	khudozhestvenno-publitsisticheskii i radikal'no-feministskii zhurnal	2002	June	11		Viktoriia		Viktoriia		pis'mo	43	43				
2007_33_01	Ostrov	khudozhestvenno-publitsisticheskii i radikal'no-feministskii zhurnal	2007	December	33		Iana Zhan	Zhan	Iana	Kholodnyi ponedel'nik	rasskaz	2	4				
2007_33_02	Ostrov	khudozhestvenno-publitsisticheskii i radikal'no-feministskii zhurnal	2007	December	33		Snezhana Ra	Ra	Snezhana	Stikhi		5	6				
2007_33_03	Ostrov	khudozhestvenno-publitsisticheskii i radikal'no-feministskii zhurnal	2007	December	33		Faina Grimberg	Grimberg	Faina	Russkaia golubaia	rasskaz	7	13				
2007_33_04	Ostrov	khudozhestvenno-publitsisticheskii i radikal'no-feministskii zhurnal	2007	December	33		DaisyCorin		DaisyCorin	Stikhi		14	15				
2007_33_05	Ostrov	khudozhestvenno-publitsisticheskii i radikal'no-feministskii zhurnal	2007	December	33		Viktor Pis'mennyi	Pis'mennyi	Viktor	Marina Tsvetaeva i Sonia Gollidei: zagadka i versii	interpretatsiia	16	24				
2007_33_06	Ostrov	khudozhestvenno-publitsisticheskii i radikal'no-feministskii zhurnal	2007	December	33		Marina Tsvetaeva	Tsvetaeva	Marina	Stikhi		25					
2007_33_07	Ostrov	khudozhestvenno-publitsisticheskii i radikal'no-feministskii zhurnal	2007	December	33		Ol'ga Tsareva	Tsareva	Ol'ga	Tanets s kirpichami	rasskaz	26	28				
2007_33_08	Ostrov	khudozhestvenno-publitsisticheskii i radikal'no-feministskii zhurnal	2007	December	33		Roza Nevrozova	Nevrozova	Roza	Ironicheskie chetverostishiia (i ne tol'ko...)		29	30				
2007_33_09	Ostrov	khudozhestvenno-publitsisticheskii i radikal'no-feministskii zhurnal	2007	December	33		DaisyCorin		DaisyCorin	Golubaia	rasskaz	31	32				
2007_33_10	Ostrov	khudozhestvenno-publitsisticheskii i radikal'no-feministskii zhurnal	2007	December	33		Ol'ga Gert	Gert	Ol'ga	O raspredelenii gendernykh rolei v lesbiiskikh parakh	issledovanie	33	38				
2007_33_11	Ostrov	khudozhestvenno-publitsisticheskii i radikal'no-feministskii zhurnal	2007	December	33		Sonia Franeta	Franeta	Sonia	Globalizatsiia i prava LGBT	doklad	39	42				
2007_33_12	Ostrov	khudozhestvenno-publitsisticheskii i radikal'no-feministskii zhurnal	2007	December	33		Dmitrii Evantsev	Evantsev	Dmitrii	Lesbiiskii avangard Snezhany Ra		43	44				
2008_34_01	Ostrov	khudozhestvenno-publitsisticheskii i radikal'no-feministskii zhurnal	2008	March	34		Marina Lebedeva	Lebedeva	Marina	Stikhi		2	3				
2008_34_02	Ostrov	khudozhestvenno-publitsisticheskii i radikal'no-feministskii zhurnal	2008	March	34		Ol'ga Gert	Gert	Ol'ga	Pesnia akyna about USA	zametki po vozvrashchenii	4	13				
2008_34_03	Ostrov	khudozhestvenno-publitsisticheskii i radikal'no-feministskii zhurnal	2008	March	34		Liia Kirgetova	Kirgetova	Liia	Stikhi		14	16				
2008_34_04	Ostrov	khudozhestvenno-publitsisticheskii i radikal'no-feministskii zhurnal	2008	March	34		Oksana Vorokha	Vorokha	Oksana	Liubov'.ru	rasskaz	17	25				
2008_34_05	Ostrov	khudozhestvenno-publitsisticheskii i radikal'no-feministskii zhurnal	2008	March	34		Iuliia Velova	Velova	Iuliia	Stikhi		26	27				
2008_34_06	Ostrov	khudozhestvenno-publitsisticheskii i radikal'no-feministskii zhurnal	2008	March	34		Svetlana Simonova	Simonova	Svetlana	Vz''eroshennyi daik	rasskaz	28	32				
2008_34_07	Ostrov	khudozhestvenno-publitsisticheskii i radikal'no-feministskii zhurnal	2008	March	34		Eina Esta	Esta	Eina	Stikhi		33	35				
2008_34_08	Ostrov	khudozhestvenno-publitsisticheskii i radikal'no-feministskii zhurnal	2008	March	34		Chiba Mikharu	Mikharu	Chiba	Rasskaz pro vstrechu s buchom		36	37				
2008_34_09	Ostrov	khudozhestvenno-publitsisticheskii i radikal'no-feministskii zhurnal	2008	March	34		Roza Nevrozova	Nevrozova	Roza	Stikhi (i ne tol'ko...)		38	39				
2008_34_10	Ostrov	khudozhestvenno-publitsisticheskii i radikal'no-feministskii zhurnal	2008	March	34		Iana Zhan	Zhan	Iana	Kosmos na zapasnom puti	rasskaz	40	42				
2008_34_11	Ostrov	khudozhestvenno-publitsisticheskii i radikal'no-feministskii zhurnal	2008	March	34		Oksana Oleksik	Oleksik	Oksana	Stikhi		43	44				
2008_34_12	Ostrov	khudozhestvenno-publitsisticheskii i radikal'no-feministskii zhurnal	2008	March	34		Faina Grimberg	Grimberg	Faina	Iz moikh zapisei, kotorye nazyvaiutsia: "...KhOLODNYKh I GORESTNYKh..."		45	48				
2008_35_01	Ostrov	khudozhestvenno-publitsisticheskii i radikal'no-feministskii zhurnal	2008	June	35					Kvartirniki u "Aleny" (priglashenie v Sankt-Peterburg)		2	3				
2008_35_02	Ostrov	khudozhestvenno-publitsisticheskii i radikal'no-feministskii zhurnal	2008	June	35		Elena Novozhilova	Novozhilova	Elena	Alleia besslavnia	tsikl stikhov	4	6				
2008_35_03	Ostrov	khudozhestvenno-publitsisticheskii i radikal'no-feministskii zhurnal	2008	June	35		Iana Zhan	Zhan	Iana	Liubovnye otnosheniia	rasskaz	7	12				
2008_35_04	Ostrov	khudozhestvenno-publitsisticheskii i radikal'no-feministskii zhurnal	2008	June	35		Valentina Sedykh	Sedykh	Valentina	Stikhi		13	14				
2008_35_05	Ostrov	khudozhestvenno-publitsisticheskii i radikal'no-feministskii zhurnal	2008	June	35					Chastnoe pis'mo (v podderzhku)		15	15				
2008_35_06	Ostrov	khudozhestvenno-publitsisticheskii i radikal'no-feministskii zhurnal	2008	June	35		Liubov' Baukina	Baukina	Liubov'	Sub''ektivnye zametki o vere	razmyshleniia	16	18				
2008_35_07	Ostrov	khudozhestvenno-publitsisticheskii i radikal'no-feministskii zhurnal	2008	June	35					Pamiati Skvortsa		19	19				
2008_35_08	Ostrov	khudozhestvenno-publitsisticheskii i radikal'no-feministskii zhurnal	2008	June	35		Marina Mo	Mo	Marina	Edel'veis	rasskaz	20	26				
2008_35_09	Ostrov	khudozhestvenno-publitsisticheskii i radikal'no-feministskii zhurnal	2008	June	35		Anna Kuznetsova	Kuznetsova	Anna	Pamiat' dush	miniatiura	27	27				
2008_35_10	Ostrov	khudozhestvenno-publitsisticheskii i radikal'no-feministskii zhurnal	2008	June	35		Ol'ga Gert	Gert	Ol'ga	Zhivopisnaia tema	kartinki s vystavki	28	35				
2008_35_11	Ostrov	khudozhestvenno-publitsisticheskii i radikal'no-feministskii zhurnal	2008	June	35		Ol'ga Khoroshilova	Khoroshilova	Ol'ga	"Khabibi" - safistika liubvi	kritika	36	38				
2008_35_12	Ostrov	khudozhestvenno-publitsisticheskii i radikal'no-feministskii zhurnal	2008	June	35		Lukretsiia Lerro	Lerro	Lukretsiia	Stikhi		39	39				
2008_35_13	Ostrov	khudozhestvenno-publitsisticheskii i radikal'no-feministskii zhurnal	2008	June	35		Eliza B''iadzhini	B''iadzhini	Eliza								
2008_35_14	Ostrov	khudozhestvenno-publitsisticheskii i radikal'no-feministskii zhurnal	2008	June	35		Roza Nevrozova	Nevrozova	Roza	Semiotika ledbi-dvizheniia (chast' I)		40	41				
2008_35_15	Ostrov	khudozhestvenno-publitsisticheskii i radikal'no-feministskii zhurnal	2008	June	35		Inna Verner	Verner	Inna	Sostradanie do slez	razmyshleniia	42	44				
2008_36_01	Ostrov	khudozhestvenno-publitsisticheskii i radikal'no-feministskii zhurnal	2008	September	36		Ol'ga Gert	Gert	Ol'ga	Pesnia akyna about USA (okonchanie)		2	8				
2008_36_02	Ostrov	khudozhestvenno-publitsisticheskii i radikal'no-feministskii zhurnal	2008	September	36		Vera Budennaia	Budennaia	Vera	Stikhi		9	10				
2008_36_03	Ostrov	khudozhestvenno-publitsisticheskii i radikal'no-feministskii zhurnal	2008	September	36		Ursula Le Guin	Le Guin	Ursula	Vo vremia zasukhi	rasskaz	11	14				
2008_36_04	Ostrov	khudozhestvenno-publitsisticheskii i radikal'no-feministskii zhurnal	2008	September	36		Vlada Volnovskaia	Volnovskaia	Vlada	Stikhi i miniatiura		15	16				
2008_36_05	Ostrov	khudozhestvenno-publitsisticheskii i radikal'no-feministskii zhurnal	2008	September	36		Marina Mo	Mo	Marina	Slushaia Shopena	miniatiura	17	18				
2008_36_06	Ostrov	khudozhestvenno-publitsisticheskii i radikal'no-feministskii zhurnal	2008	September	36		Marina Tsvetaeva	Tsvetaeva	Marina	Iz "POEMY VOZDUKhA"		18	18				
2008_36_07	Ostrov	khudozhestvenno-publitsisticheskii i radikal'no-feministskii zhurnal	2008	September	36		Viktor Pis'mennyi	Pis'mennyi	Viktor	Marina Tsvetaeva i Vera Arenskaia ne predskazannaia vstrecha	gipoteza	19	22				
2008_36_08	Ostrov	khudozhestvenno-publitsisticheskii i radikal'no-feministskii zhurnal	2008	September	36		Liubov' Baukina	Baukina	Liubov'	Kimmeriiskie vpechatlenie	zapiski	23	26				
2008_36_09	Ostrov	khudozhestvenno-publitsisticheskii i radikal'no-feministskii zhurnal	2008	September	36		Oksana Oleksik	Oleksik	Oksana	Stikhi		28	29				
2008_36_10	Ostrov	khudozhestvenno-publitsisticheskii i radikal'no-feministskii zhurnal	2008	September	36		Roza Nevrozova	Nevrozova	Roza	Gender, semiotika i metafizika pola (II chast' razmyshlenii)		28	29				
2008_36_11	Ostrov	khudozhestvenno-publitsisticheskii i radikal'no-feministskii zhurnal	2008	September	36		Francheska Stella	Stella	Francheska	Gomofobiia nachinaetsia doma	stat'ia	30	40				
2008_36_12	Ostrov	khudozhestvenno-publitsisticheskii i radikal'no-feministskii zhurnal	2008	September	36		Ral'f Rauton	Rauton	Ral'f	Sovremennyi psikhoanaliz i gomoseksual'nost'	stat'ia	41	44				
2008_37_01	Ostrov	khudozhestvenno-publitsisticheskii i radikal'no-feministskii zhurnal	2008	December	37		Ol'ga Gert	Gert	Ol'ga	Slovo redaktora (odin raz v tri goda)		2	2				
2008_37_02	Ostrov	khudozhestvenno-publitsisticheskii i radikal'no-feministskii zhurnal	2008	December	37		Polina Savchenko	Savchenko	Polina	Razmyshleniia aktivista (ili pis'mo k vam)		3	6				
2008_37_03	Ostrov	khudozhestvenno-publitsisticheskii i radikal'no-feministskii zhurnal	2008	December	37		Vera Budennaia	Budennaia	Vera	Stikhi		7	8				
2008_37_04	Ostrov	khudozhestvenno-publitsisticheskii i radikal'no-feministskii zhurnal	2008	December	37		Irina Aleksandrova	Aleksandrova	Irina	A mezhdu muzhchinoi i zhenshchinoi est' raznitsa?..	rasskaz	9	13	Pseudonym Sneg i Tuman			
2008_37_05	Ostrov	khudozhestvenno-publitsisticheskii i radikal'no-feministskii zhurnal	2008	December	37					Kur'ezy perevoda		14	14				
2008_37_06	Ostrov	khudozhestvenno-publitsisticheskii i radikal'no-feministskii zhurnal	2008	December	37		Rimma A.	A.	Rimma	Krugovorot	rasskaz	15	21				
2008_37_07	Ostrov	khudozhestvenno-publitsisticheskii i radikal'no-feministskii zhurnal	2008	December	37		Anet Agapova	Agapova	Anet	Stikhotvorenie i miniatiura		22	22				
2008_37_08	Ostrov	khudozhestvenno-publitsisticheskii i radikal'no-feministskii zhurnal	2008	December	37		Svetlana Dan'kevich	Dan'kevich	Svetlana	An'kina mama	rasskaz	23	30				
2008_37_09	Ostrov	khudozhestvenno-publitsisticheskii i radikal'no-feministskii zhurnal	2008	December	37		Roza Nevrozova	Nevrozova	Roza	Gender i kinesika	prodolzhenie temy	31	32				
2008_37_10	Ostrov	khudozhestvenno-publitsisticheskii i radikal'no-feministskii zhurnal	2008	December	37					Iz pisem devushki		33	36				
2008_37_11	Ostrov	khudozhestvenno-publitsisticheskii i radikal'no-feministskii zhurnal	2008	December	37					"Bok o Bok" kinofestival'	materialy o proshedshem	37	44				
2008_37_12	Ostrov	khudozhestvenno-publitsisticheskii i radikal'no-feministskii zhurnal	2008	December	37					Spisok publikatsii		45	48				
2009_38_01	Ostrov	khudozhestvenno-publitsisticheskii i radikal'no-feministskii zhurnal	2009	March	38					TriDeviatoe tsarstvo: gde ono?	interv'iu	2	5	Interv'iu so Svetlanoi Kostromoi			
2009_38_02	Ostrov	khudozhestvenno-publitsisticheskii i radikal'no-feministskii zhurnal	2009	March	38		Alena		Alena	Stikhi		6	7	In ToC recorded as "Alena / Li / Rodina"			
2009_38_03	Ostrov	khudozhestvenno-publitsisticheskii i radikal'no-feministskii zhurnal	2009	March	38		Li		Li								
2009_38_04	Ostrov	khudozhestvenno-publitsisticheskii i radikal'no-feministskii zhurnal	2009	March	38		Rodina		Rodina								
2009_38_05	Ostrov	khudozhestvenno-publitsisticheskii i radikal'no-feministskii zhurnal	2009	March	38		Irina Aleksandrovna	Aleksandrovna	Irina	Ulitsa Pikardi	rasskaz	8	10	Pseudonym Sneg i Tuman			
2009_38_06	Ostrov	khudozhestvenno-publitsisticheskii i radikal'no-feministskii zhurnal	2009	March	38		Natasha Arbatova	Arbatova	Natasha	Stranitsy ZhZh Natashi Artbatovoi	razmyshleniia i stikhi	11	17				
2009_38_07	Ostrov	khudozhestvenno-publitsisticheskii i radikal'no-feministskii zhurnal	2009	March	38		Mariia Mirabella	Mirabella	Mariia	Umka, Sluchai iz zhizni	rasskaz	18	21				
2009_38_08	Ostrov	khudozhestvenno-publitsisticheskii i radikal'no-feministskii zhurnal	2009	March	38		Asia Belyaeva	Belyaeva	Asia	Stikhi		22	24				
2009_38_09	Ostrov	khudozhestvenno-publitsisticheskii i radikal'no-feministskii zhurnal	2009	March	38		Viktor Pis'mennyi	Pis'mennyi	Viktor	Lesbiiskie strasti do Sapfo i v epokhu milleniuma	stat'ia	25	29				
2009_38_10	Ostrov	khudozhestvenno-publitsisticheskii i radikal'no-feministskii zhurnal	2009	March	38		Roza Nevrozova	Nevrozova	Roza	V nasledstvo	rasskaz	30	31				
2009_38_11	Ostrov	khudozhestvenno-publitsisticheskii i radikal'no-feministskii zhurnal	2009	March	38		Anna Barkova	Barkova	Anna	Liubliu so zloboi, so stradan'em	stikhotvorenie	31	31				
2009_38_12	Ostrov	khudozhestvenno-publitsisticheskii i radikal'no-feministskii zhurnal	2009	March	38		Mirra P.	P.	Mirra	Ona byla ne moia	rasskaz	32	35				
2009_38_13	Ostrov	khudozhestvenno-publitsisticheskii i radikal'no-feministskii zhurnal	2009	March	38		Vera Budennaia	Budennaia	Vera	My rodilis' v odin den'... 1 aprelia	miniatiura i stikhotvorenie	36	37				
2009_38_14	Ostrov	khudozhestvenno-publitsisticheskii i radikal'no-feministskii zhurnal	2009	March	38		Shirin Neshat	Neshat	Shirin	Mezhdu dvumia mirami	stat'ia	38	39				
2009_38_15	Ostrov	khudozhestvenno-publitsisticheskii i radikal'no-feministskii zhurnal	2009	March	38		Roza Nevrozova	Nevrozova	Roza	Vnimanie k detaliam (korotko)		40	41				
2009_38_16	Ostrov	khudozhestvenno-publitsisticheskii i radikal'no-feministskii zhurnal	2009	March	38		Marta Braun	Braun	Marta	Stikhi		42	42				
2009_38_17	Ostrov	khudozhestvenno-publitsisticheskii i radikal'no-feministskii zhurnal	2009	March	38		Marina Mo	Mo	Marina	"Liubit' tak svetlo i stranno..." Slushaia Elenu Tsertlikh		43	44				
2009_39_01	Ostrov	khudozhestvenno-publitsisticheskii i radikal'no-feministskii zhurnal	2009	June	39		Ekaterina Simonova	Simonova	Ekaterina	Liubimaia v strane chudes	stikhi dlia detskogo chteniia	2	5				
2009_39_02	Ostrov	khudozhestvenno-publitsisticheskii i radikal'no-feministskii zhurnal	2009	June	39		Ol'ga Gert	Gert	Ol'ga	Chto skazala mama	rasskaz	6	14				
2009_39_03	Ostrov	khudozhestvenno-publitsisticheskii i radikal'no-feministskii zhurnal	2009	June	39		Anastasiia Kanarek	Kanarek	Anastasiia	Stikhi		15	15				
2009_39_04	Ostrov	khudozhestvenno-publitsisticheskii i radikal'no-feministskii zhurnal	2009	June	39		Ol'ga Tsareva	Tsareva	Ol'ga	Moia mama - artistka	rasskaz	16	17				
2009_39_05	Ostrov	khudozhestvenno-publitsisticheskii i radikal'no-feministskii zhurnal	2009	June	39		Roza Nevrozova	Nevrozova	Roza	Strana OZ	putevye zametki	18	19				
2009_39_06	Ostrov	khudozhestvenno-publitsisticheskii i radikal'no-feministskii zhurnal	2009	June	39		Svetlana Dan'kevich	Dan'kevich	Svetlana	Iurii Gagarin	rasskaz	20	28				
2009_39_07	Ostrov	khudozhestvenno-publitsisticheskii i radikal'no-feministskii zhurnal	2009	June	39		Oksana Oleksik	Oleksik	Oksana	Stikhi		29	29				
2009_39_08	Ostrov	khudozhestvenno-publitsisticheskii i radikal'no-feministskii zhurnal	2009	June	39		S. S.	S.	S.	Tsvetok paporotnika dlia Lesi Ukrainki	stat'ia	30	36				
2009_39_09	Ostrov	khudozhestvenno-publitsisticheskii i radikal'no-feministskii zhurnal	2009	June	39		Inna Verner	Verner	Inna	Geteroseksizm i pravo na liubov'	zametki	37	39				
2009_39_10	Ostrov	khudozhestvenno-publitsisticheskii i radikal'no-feministskii zhurnal	2009	June	39		Adriana Rich	Rich	Adriana	Prinuditel'naia geteroseksual'nost' i lesbiiskoe sushchestvovanie	referat stat'i	40	44				
2009_40_01	Ostrov	khudozhestvenno-publitsisticheskii i radikal'no-feministskii zhurnal	2009	September	40		Irina Aleksandrovna	Aleksandrovna	Irina	Prosti	rasskaz	2	6	Pseudonym Sneg i Tuman			
2009_40_02	Ostrov	khudozhestvenno-publitsisticheskii i radikal'no-feministskii zhurnal	2009	September	40		Irina Goriunova	Goriunova	Irina	Stikhi		7	9				
2009_40_03	Ostrov	khudozhestvenno-publitsisticheskii i radikal'no-feministskii zhurnal	2009	September	40		Nadezhda Sukhova	Sukhova	Nadezhda	Rasskazhi mne o pogode	rasskaz	10	12				
2009_40_04	Ostrov	khudozhestvenno-publitsisticheskii i radikal'no-feministskii zhurnal	2009	September	40		Aneks Kvil	Kvil	Aneks	Rasskazhi mne pro Oskara Ual'da	rasskaz	13	15				
2009_40_05	Ostrov	khudozhestvenno-publitsisticheskii i radikal'no-feministskii zhurnal	2009	September	40		Vera Budennaia	Budennaia	Vera	Stikhi		16	17				
2009_40_06	Ostrov	khudozhestvenno-publitsisticheskii i radikal'no-feministskii zhurnal	2009	September	40		Dinara Sultanova	Sultanova	Dinara	I dalee po spisku...	rasskaz	18	24				
2009_40_07	Ostrov	khudozhestvenno-publitsisticheskii i radikal'no-feministskii zhurnal	2009	September	40		Marta Iakovleva	Iakovleva	Marta	Stikhi		25	27				
2009_40_08	Ostrov	khudozhestvenno-publitsisticheskii i radikal'no-feministskii zhurnal	2009	September	40		Zlata Linnik	Linnik	Zlata	Raz-dva-tri, menia s toboi peremeni!	rasskaz	28	33				
2009_40_09	Ostrov	khudozhestvenno-publitsisticheskii i radikal'no-feministskii zhurnal	2009	September	40		Tat'iana Semenova	Semenova	Tat'iana	Eto modnoe slovo - "tolerantnost'"	zametki	34	37				
2009_40_10	Ostrov	khudozhestvenno-publitsisticheskii i radikal'no-feministskii zhurnal	2009	September	40		Liubov' Baukina	Baukina	Liubov'								
2009_40_11	Ostrov	khudozhestvenno-publitsisticheskii i radikal'no-feministskii zhurnal	2009	September	40		Ol'ga Laedel'	Laedel'	Ol'ga	Gomofobiia - instrument fashizatsii	razmyshlenieia	38	41				
2009_40_12	Ostrov	khudozhestvenno-publitsisticheskii i radikal'no-feministskii zhurnal	2009	September	40		pushastic		pushastic	Pochemu vy vse svodite k seksu	vopros	42	42	ot pol'zovatelia pushastic			
2009_40_13	Ostrov	khudozhestvenno-publitsisticheskii i radikal'no-feministskii zhurnal	2009	September	40		Ol'ga Gert	Gert	Ol'ga	Lesbiiskii roman		43	44	razmyshleniia o knige Iany Zhan i ne tol'ko			
2009_41_01	Ostrov	khudozhestvenno-publitsisticheskii i radikal'no-feministskii zhurnal	2009	December	41		Jennifer Hamblen	Hamblen	Jennifer	Russkaia ugroza ili Tikhii prizrachnyi svist	iskrenne	2	4				
2009_41_02	Ostrov	khudozhestvenno-publitsisticheskii i radikal'no-feministskii zhurnal	2009	December	41		Liia Kirgetova	Kirgetova	Liia	Stikhi		5	6				
2009_41_03	Ostrov	khudozhestvenno-publitsisticheskii i radikal'no-feministskii zhurnal	2009	December	41		Irina Aleksandrova	Aleksandrova	Irina	Ty ne zabudesh' menia	rasskaz	7	11	Pseudonym Sneg i Tuman			
2009_41_04	Ostrov	khudozhestvenno-publitsisticheskii i radikal'no-feministskii zhurnal	2009	December	41		Ol'ga ~sapfo~ Serdtseva	Serdtseva	Ol'ga ~sapfo~	Stikhi		12	13				
2009_41_05	Ostrov	khudozhestvenno-publitsisticheskii i radikal'no-feministskii zhurnal	2009	December	41		Aneks Kvil	Kvil	Aneks	Smiatenie chuvstv		14	19	tsveigovskie variatsii			
2009_41_06	Ostrov	khudozhestvenno-publitsisticheskii i radikal'no-feministskii zhurnal	2009	December	41		Ekaterina Sobol'	Sobol'	Ekaterina	Stikhi		20	21				
2009_41_07	Ostrov	khudozhestvenno-publitsisticheskii i radikal'no-feministskii zhurnal	2009	December	41		Lusiia Echeveriia	Echeveriia	Lusiia	Liubov', liubopytstvo, prozak i somneniia	otryvki iz romana	22	27				
2009_41_08	Ostrov	khudozhestvenno-publitsisticheskii i radikal'no-feministskii zhurnal	2009	December	41		Viktoriia Cherniatina	Cherniatina	Viktoriia	Stikhi		28	29				
2009_41_09	Ostrov	khudozhestvenno-publitsisticheskii i radikal'no-feministskii zhurnal	2009	December	41		Iana Zhan	Zhan	Iana	Tri devitsy pod oknom	rasskaz	30	34				
2009_41_10	Ostrov	khudozhestvenno-publitsisticheskii i radikal'no-feministskii zhurnal	2009	December	41		Zlata Linnik	Linnik	Zlata	Ideal'nye roditeli	fantaziia	35	36				
2009_41_11	Ostrov	khudozhestvenno-publitsisticheskii i radikal'no-feministskii zhurnal	2009	December	41		Faina Grimberg	Grimberg	Faina	Samka cheloveka		37	42	koe-chto o mifologeme materinstva			
2009_41_12	Ostrov	khudozhestvenno-publitsisticheskii i radikal'no-feministskii zhurnal	2009	December	41		Ol'ga Gert	Gert	Ol'ga	Pletenie		43	44	o knige Sary Uoters			
2010_42_01	Ostrov	khudozhestvenno-publitsisticheskii i radikal'no-feministskii zhurnal	2010	March	42		Sasha Kogan	Kogan	Sasha	Karla	ocherk	2	5				
2010_42_02	Ostrov	khudozhestvenno-publitsisticheskii i radikal'no-feministskii zhurnal	2010	March	42		Agila		Agila	Stikhi		6	7				
2010_42_03	Ostrov	khudozhestvenno-publitsisticheskii i radikal'no-feministskii zhurnal	2010	March	42		Asia Belyaeva	Belyaeva	Asia	Idi	rasskaz	8	10				
2010_42_04	Ostrov	khudozhestvenno-publitsisticheskii i radikal'no-feministskii zhurnal	2010	March	42		Kseniia Besfamil'naia	Besfamil'naia	Kseniia	Stikhi		11	11				
2010_42_05	Ostrov	khudozhestvenno-publitsisticheskii i radikal'no-feministskii zhurnal	2010	March	42		Margarita Merchant	Merchant	Margarita	Odnoklassnitsy.ru	rasskaz	12	18				
2010_42_06	Ostrov	khudozhestvenno-publitsisticheskii i radikal'no-feministskii zhurnal	2010	March	42		Alena Living	Living	Alena	Stikhi		19	20				
2010_42_07	Ostrov	khudozhestvenno-publitsisticheskii i radikal'no-feministskii zhurnal	2010	March	42		Vita Shabalina	Shabalina	Vita	Dlia liubimoi zhenshchiny	rasskaz	21	23				
2010_42_08	Ostrov	khudozhestvenno-publitsisticheskii i radikal'no-feministskii zhurnal	2010	March	42		Vlada Volnovskaia	Volnovskaia	Vlada	Stikhi		24	25				
2010_42_09	Ostrov	khudozhestvenno-publitsisticheskii i radikal'no-feministskii zhurnal	2010	March	42		Anastasiia Nezhinskaia	Nezhinskaia	Anastasiia	Gost'ia	rasskaz-labirint	26	29				
2010_42_10	Ostrov	khudozhestvenno-publitsisticheskii i radikal'no-feministskii zhurnal	2010	March	42		Lidiia Brovchenko	Brovchenko	Lidiia	Stikhi		30	31				
2010_42_11	Ostrov	khudozhestvenno-publitsisticheskii i radikal'no-feministskii zhurnal	2010	March	42		DaisyCorin		DaisyCorin	Trakhachevskogo 69. Kamin-aut	prodolzhenie	32	35				
2010_42_12	Ostrov	khudozhestvenno-publitsisticheskii i radikal'no-feministskii zhurnal	2010	March	42		Elena Ivanova	Ivanova	Elena	Stikhi		36	37				
2010_42_13	Ostrov	khudozhestvenno-publitsisticheskii i radikal'no-feministskii zhurnal	2010	March	42		Liubava Malysheva	Malysheva	Liubava	Barr Body, tel'tse Barra ili Kh-polovoi khromatin	polovoi vopros	38	42				
2010_42_14	Ostrov	khudozhestvenno-publitsisticheskii i radikal'no-feministskii zhurnal	2010	March	42		Nevi		Nevi	Stikhi		43	44				
2010_42_15	Ostrov	khudozhestvenno-publitsisticheskii i radikal'no-feministskii zhurnal	2010	March	42		Miata Nemiataia	Nemiataia	Miata	Ne samka zhenshchina, no - chelovek!		45	48	v otvet na stat'iu F. Grimberg "Samka cheloveka"			
2010_43_01	Ostrov	khudozhestvenno-publitsisticheskii i radikal'no-feministskii zhurnal	2010	March	43		ASSA		ASSA	Mezhdugorodnii roman	variatsiia na temu	2	4				
2010_43_02	Ostrov	khudozhestvenno-publitsisticheskii i radikal'no-feministskii zhurnal	2010	March	43		Tat'iana Veter	Veter	Tat'iana	Stikhi		5	5				
2010_43_03	Ostrov	khudozhestvenno-publitsisticheskii i radikal'no-feministskii zhurnal	2010	March	43		Natal'ia Cherniaeva	Cherniaeva	Natal'ia	Krizis	rasskaz	6	8				
2010_43_04	Ostrov	khudozhestvenno-publitsisticheskii i radikal'no-feministskii zhurnal	2010	March	43		Mari Fiar	Fiar	Mari	Stikhi		9	9				
2010_43_05	Ostrov	khudozhestvenno-publitsisticheskii i radikal'no-feministskii zhurnal	2010	March	43		Nadezhda Sukhova	Sukhova	Nadezhda	Zhelaiu schast'ia	rasskaz	10	13				
2010_43_06	Ostrov	khudozhestvenno-publitsisticheskii i radikal'no-feministskii zhurnal	2010	March	43		Vera Budennaia	Budennaia	Vera	Stikhi		14	15				
2010_43_07	Ostrov	khudozhestvenno-publitsisticheskii i radikal'no-feministskii zhurnal	2010	March	43		Iusenkai		Iusenkai	Svetku luchshe ne zlit'	rasskaz	16	21				
2010_43_08	Ostrov	khudozhestvenno-publitsisticheskii i radikal'no-feministskii zhurnal	2010	March	43		Iuliia Belova	Belova	Iuliia	Stikhi		22	23				
2010_43_09	Ostrov	khudozhestvenno-publitsisticheskii i radikal'no-feministskii zhurnal	2010	March	43		Zakhira Shetler	Shetler	Zakhira	Khoziaika Mednoi gory	skazka	24	28				
2010_43_10	Ostrov	khudozhestvenno-publitsisticheskii i radikal'no-feministskii zhurnal	2010	March	43		Liubava Malysheva	Malysheva	Liubava	Stikhi		29	30				
2010_43_11	Ostrov	khudozhestvenno-publitsisticheskii i radikal'no-feministskii zhurnal	2010	March	43		Zlata Linnik	Linnik	Zlata	Nevozmozhnogo net	uprazhnenie	31	32				
2010_43_12	Ostrov	khudozhestvenno-publitsisticheskii i radikal'no-feministskii zhurnal	2010	March	43		Anna vnutri	vnutri	Anna	Stikhi		33	34				
2010_43_13	Ostrov	khudozhestvenno-publitsisticheskii i radikal'no-feministskii zhurnal	2010	March	43		Vlada Volnovskaia	Volnovskaia	Vlada	Est' li u nas "my"?	esse	35	36	esse na knigu Iriny Goriunovoi "U nas est' my"			
2010_43_14	Ostrov	khudozhestvenno-publitsisticheskii i radikal'no-feministskii zhurnal	2010	March	43		Valeriia Vasil'eva	Vasil'eva	Valeriia	Stikhi		37	38				
2010_43_15	Ostrov	khudozhestvenno-publitsisticheskii i radikal'no-feministskii zhurnal	2010	March	43		Ol'ga Gert	Gert	Ol'ga	O pravakh lesbiianok i gei-paradakh		39	48	v polemike s bloggerami Labrys.ru			
